agency_name,agency_logo
Coldwell Banker Wealth,https://static.shared.propertyfinder.eg/media/images/client_logos/6248/252c57a0-54a9-4453-bc35-e2a53fecb707.jpg
Selection Code,https://static.shared.propertyfinder.eg/media/images/client_logos/6410/f7773ef4-2312-4f92-a097-cc76e6f4dbad.jpg
Square real estate,https://static.shared.propertyfinder.eg/media/images/client_logos/4908/1f80d9b3-0fa1-4964-9ae9-9974ed04be16.jpg
New Avenue Real Estate,https://static.shared.propertyfinder.eg/media/images/client_logos/128/c2b7d356-2975-401b-b463-88616ffc0c6f.jpg
Master Mind Real Estate Services,https://static.shared.propertyfinder.eg/media/images/client_logos/5209/20e70e83-2e3b-4d30-834f-79bef61524f5.jpg
Spade consultancy,https://static.shared.propertyfinder.eg/media/images/client_logos/5758/659f8d8d-f657-4b84-9c50-3a51b6555d00.jpg
Egypt Best Properties,https://static.shared.propertyfinder.eg/media/images/client_logos/85/03630dce-1327-48be-9ba4-b05b105b597c.jpg
IRTKAZ,https://static.shared.propertyfinder.eg/media/images/client_logos/1397/6b3854dc-9c63-4561-ab24-10361088abcd.jpg
Select for real estate,https://static.shared.propertyfinder.eg/media/images/client_logos/1311/0eebc3dd-27e6-4371-9ec2-83458467356b.jpg
Property Hills Star,https://static.shared.propertyfinder.eg/media/images/client_logos/4945/818a977c-bde5-4c67-a713-94f88d866190.jpg
Remax Professional.,https://static.shared.propertyfinder.eg/media/images/client_logos/3019/b29a121e-efc1-41c8-8e24-2237550bfc6f.jpg
Summit Real Estate,https://static.shared.propertyfinder.eg/media/images/client_logos/6301/c1c378af-9708-4ecd-862d-7c694897e9b8.jpg
Insider Real Estate Consultancy,https://static.shared.propertyfinder.eg/media/images/client_logos/379/f53c35e7-0c7b-45a7-b954-51b7c3d5b599.jpg
Property Hills.,https://static.shared.propertyfinder.eg/media/images/client_logos/2417/258c0d46-c2cb-468e-b844-f80b46f696e3.jpg
Closer,https://static.shared.propertyfinder.eg/media/images/client_logos/3052/6d31c988-c07f-4a45-a2c1-635894b5da6b.jpg
Falcon for Real Estate,https://static.shared.propertyfinder.eg/media/images/client_logos/3655/265843b7-f473-45b7-9bce-265577672863.jpg
Platinum Properties,https://static.shared.propertyfinder.eg/media/images/client_logos/225/cf5a54e7-4a08-4bb9-834a-7ba8e6bdfc68.jpg
Allocate Real Estate,https://static.shared.propertyfinder.eg/media/images/client_logos/1465/54df9099-33db-4b9c-99ed-4f8212c2dcca.jpg
CBE New Homes,https://static.shared.propertyfinder.eg/media/images/client_logos/451/325ac50d-7741-4919-b701-35c979036573.jpg
Go Green Egypt Real Estate,https://static.shared.propertyfinder.eg/media/images/client_logos/55/3d65e991-81de-4a68-9f47-eea3a50b9bd4.jpg
Abrag 2,https://static.shared.propertyfinder.eg/media/images/client_logos/4679/50688376-6afd-45e3-bb8c-d643503f2d09.jpg
Abrag Real Estate,https://static.shared.propertyfinder.eg/media/images/client_logos/492/1093d893-75e5-48f9-a467-9ecbaaf96951.jpg
Adviser Real Estate,https://static.shared.propertyfinder.eg/media/images/client_logos/1622/075a04fc-bc4f-445b-9e3a-7cf142d45e86.jpg
Edge Real Estates,https://static.shared.propertyfinder.eg/media/images/client_logos/1695/f6d64d38-ee41-466f-a80d-9eb5d75a667c.jpg
Citizen Home,https://static.shared.propertyfinder.eg/media/images/client_logos/3467/ec78f22b-2b4c-42b5-aa66-b540e01aee64.jpg
AK Circle,https://static.shared.propertyfinder.eg/media/images/client_logos/4294/03f10959-a06a-4555-bce3-524dd17fef49.jpg
Premier Property,https://static.shared.propertyfinder.eg/media/images/client_logos/5402/f81cce4f-35bb-4ea4-8b37-e39c23a84b3a.jpg
Property Hills VIP,https://static.shared.propertyfinder.eg/media/images/client_logos/6008/c8df7ab3-0bd9-4804-bfec-170c37e7995c.jpg
why solutions,https://static.shared.propertyfinder.eg/media/images/client_logos/6247/f10efb0e-d4f4-4b0f-9f45-957aa971d5fe.jpg
Home Realtors,https://static.shared.propertyfinder.eg/media/images/client_logos/686/eb6b9faa-54b4-4453-8eaf-d4128c8b866e.jpg
Next Door Consultancy,https://static.shared.propertyfinder.eg/media/images/client_logos/3115/0fb167ad-dc63-457d-8bd7-b3a7c5412653.jpg
EDGE,https://static.shared.propertyfinder.eg/media/images/client_logos/4301/59f9fd1d-d80c-4a8e-891e-7e8b5af5111a.jpg
Premium Real estate,https://static.shared.propertyfinder.eg/media/images/client_logos/4847/476edf0f-83d0-4630-88f9-1eb06364cd4b.jpg
Evergreen Properties,https://static.shared.propertyfinder.eg/media/images/client_logos/5509/e0f00336-cfc2-417c-8312-a872297cfbc2.jpg
Sonic For Real-Estate,https://static.shared.propertyfinder.eg/media/images/client_logos/5705/16f1dc67-1712-4833-8cac-6b712b801550.jpg
GCR Developments,https://static.shared.propertyfinder.eg/media/images/client_logos/5830/009ae605-cd2c-44e9-ad59-9135f5cdb4c7.jpg
Mrkt Shake,https://static.shared.propertyfinder.eg/media/images/client_logos/6344/242e0250-6e1e-4998-91f7-cc46915cc975.jpg
SQUARE9,https://static.shared.propertyfinder.eg/media/images/client_logos/180492/4c36b98a-9714-4c9e-9d9e-21c321942ab2.jpg
Roots Real Estate,https://static.shared.propertyfinder.eg/media/images/client_logos/2295/4ac081a3-2d57-4d13-ba79-67172b76b542.jpg
Roots Development,https://static.shared.propertyfinder.eg/media/images/client_logos/586/2b29a223-8539-43f5-aaf9-b3f2e7f8eca7.jpg
One Estates Real Estate,https://static.shared.propertyfinder.eg/media/images/client_logos/4114/796fbd7c-1bc2-4637-b17d-d35879530928.jpg
Experts Home,https://static.shared.propertyfinder.eg/media/images/client_logos/4502/15834e5a-df44-408c-963c-96187454447b.jpg
Tradmark Real Estate,https://static.shared.propertyfinder.eg/media/images/client_logos/2410/d080bc78-3d3d-4684-8470-a02c41c88da1.jpg
EMERALD REAL ESTATE,https://static.shared.propertyfinder.eg/media/images/client_logos/988/90e6bbac-0c5e-41e0-88eb-c06e8243befa.jpg
Regypt,https://static.shared.propertyfinder.eg/media/images/client_logos/1196/1c491f8d-91c5-495a-8802-daf40485312b.jpg
Al Maz Real Estate,https://static.shared.propertyfinder.eg/media/images/client_logos/2520/59df0202-f6b5-4b54-8970-fa70af6f70b7.jpg
Brand Facility Management,https://static.shared.propertyfinder.eg/media/images/client_logos/4770/c665f1d7-648d-422b-984f-d04311fbf469.jpg
Do estate,https://static.shared.propertyfinder.eg/media/images/client_logos/6454/b9372a0d-de98-4634-b038-893cdbbb9971.jpg
Brokerage Hub,https://static.shared.propertyfinder.eg/media/images/client_logos/4208/d1f06ea6-779a-427d-80f1-8207f53152e8.jpg
New Capital Home.,https://static.shared.propertyfinder.eg/media/images/client_logos/4290/f998a80f-1381-4700-8903-60dc2c116dfb.jpg
Aqarpedia For Resale,https://static.shared.propertyfinder.eg/media/images/client_logos/5811/3df20782-e449-41cd-9e08-081a59269ef3.jpg
Property Network,https://static.shared.propertyfinder.eg/media/images/client_logos/1321/090180b1-676e-496b-afee-3317fb151b48.jpg
Treasure Real estate,https://static.shared.propertyfinder.eg/media/images/client_logos/4141/13366a84-c597-4ca0-9484-e4ec887afb5f.jpg
Hurghadians Property,https://static.shared.propertyfinder.eg/media/images/client_logos/3965/39b4dfe0-2481-4add-97c4-9491e561823a.jpg
Apart Real estate,https://static.shared.propertyfinder.eg/media/images/client_logos/6305/537b15ca-1039-4ba4-b4f0-6bd73bf2f154.jpg
I-Move,https://static.shared.propertyfinder.eg/media/images/client_logos/916/3d483d70-64f0-4345-a5e6-c77cf4d57a60.jpg
Crown Stone Realty,https://static.shared.propertyfinder.eg/media/images/client_logos/180354/bc621f45-2832-43e9-92d5-d40fbfc8a551.jpg
Golden Key,https://static.shared.propertyfinder.eg/media/images/client_logos/5259/0b281187-7005-4f16-b4a0-bd65fa365adf.jpg
Rokn Real Estate,https://static.shared.propertyfinder.eg/media/images/client_logos/2098/5567a8d7-296e-46d4-937f-a0a51ade174f.jpg
ERE Investments,https://static.shared.propertyfinder.eg/media/images/client_logos/6295/2959257a-dfe4-442d-ae14-356895e07561.jpg
Trends Real Estate Egypt,https://static.shared.propertyfinder.eg/media/images/client_logos/78/ffd70bcc-6b11-4926-8bc7-e5f4153364aa.jpg
Onyx for real estate,https://static.shared.propertyfinder.eg/media/images/client_logos/800/9491dc9c-2a66-4d2c-a1fd-5162ac848d3d.jpg
Mr .Estates,https://static.shared.propertyfinder.eg/media/images/client_logos/6382/960838a7-7db0-48ff-9d36-a38a19f77163.jpg
Akar Town Real Estate,https://static.shared.propertyfinder.eg/media/images/client_logos/1669/14a72479-2022-43d3-9a37-6083dbcc8ed6.jpg
Impact Investments,https://static.shared.propertyfinder.eg/media/images/client_logos/5260/f965a41e-867d-4599-ba93-0c44e875a359.jpg
Step One Real Estate,https://static.shared.propertyfinder.eg/media/images/client_logos/459/0dd9bbb4-be3e-4883-b8f8-868fbca10e63.jpg
Coldwell Banker Platinum,https://static.shared.propertyfinder.eg/media/images/client_logos/3241/63de4ec3-6294-4748-a8cc-d804930bbec2.jpg
property hills Elite,https://static.shared.propertyfinder.eg/media/images/client_logos/5645/111aa956-cc90-4181-8962-0edab1be2348.jpg
Views for Real Estate,https://static.shared.propertyfinder.eg/media/images/client_logos/2631/bd6dca8c-4234-419b-b241-18d3da8affa5.jpg
Conquer Properties,https://static.shared.propertyfinder.eg/media/images/client_logos/3071/df23a9e9-c0f2-4d57-90f7-9ef80490085b.jpg
Assets Real Estate Investments,https://static.shared.propertyfinder.eg/media/images/client_logos/3928/95aecab9-5024-4953-8d7d-ed6102075e0e.jpg
Gate real estate marketing,https://static.shared.propertyfinder.eg/media/images/client_logos/1048/b14ba58b-30dd-4e59-94a2-404973879722.jpg
Homes Bay,https://static.shared.propertyfinder.eg/media/images/client_logos/6012/af4f7bb1-09f7-4889-a922-18acf432d88b.jpg
COB,https://static.shared.propertyfinder.eg/media/images/client_logos/5565/95cc9c2b-f780-4221-974c-3f4b2f8c0bfa.jpg
Century for Project Management,https://static.shared.propertyfinder.eg/media/images/client_logos/4742/296ae81c-d570-4381-b042-ebc227cfa86c.jpg
Property Hills...,https://static.shared.propertyfinder.eg/media/images/client_logos/1168/78a114aa-a8a2-4715-8e74-088fd2a7fdd8.jpg
Realm Properties,https://static.shared.propertyfinder.eg/media/images/client_logos/4285/48d6a041-41b6-45ca-a07b-32bc97e51212.jpg
New Destination Real Estate Consultancy,https://static.shared.propertyfinder.eg/media/images/client_logos/3333/25937329-21b8-4dda-98f5-bf61037a936e.jpg
Elshams Real Estate,https://static.shared.propertyfinder.eg/media/images/client_logos/850/908b30fd-8618-44f5-b5b0-43e1357fa663.jpg
Ninety Two,https://static.shared.propertyfinder.eg/media/images/client_logos/6398/62d9cb1f-dd71-4b7b-a726-9de42e6a41ec.jpg
Oaks Real Estate,https://static.shared.propertyfinder.eg/media/images/client_logos/5494/0cb19da9-7636-41cc-a5c0-fb6cf37cd58d.jpg
Coldwell Banker- The Blues,https://static.shared.propertyfinder.eg/media/images/client_logos/6190/3717ef93-3630-411c-8bcb-5dafe220317f.jpg
Capital Lords Real Estate,https://static.shared.propertyfinder.eg/media/images/client_logos/812/c664be9f-2b27-4c62-b06d-da5d9bbe8df1.jpg
AQARY For Real Estate,https://static.shared.propertyfinder.eg/media/images/client_logos/179985/0da4a8b0-3e18-4488-82b2-b57c71cf0da1.jpg
BGCO Real Estate,https://static.shared.propertyfinder.eg/media/images/client_logos/179937/261faa55-5116-4f9e-a6df-a3e2590e8171.jpg
I-Zone,https://static.shared.propertyfinder.eg/media/images/client_logos/2136/247c43bc-0010-4aa1-87f2-c415bb536817.jpg
Homescout,https://static.shared.propertyfinder.eg/media/images/client_logos/6366/58d85227-78f6-4ee4-92b0-c909b78b9afa.jpg
Properties-Today.com,https://static.shared.propertyfinder.eg/media/images/client_logos/606/afe352a0-802d-4c6b-9a67-6385cafebd70.jpg
Driven Properties,https://static.shared.propertyfinder.eg/media/images/client_logos/4778/aa954c9f-7fa8-4ccc-aa88-7fcf0d4e8a46.jpg
Guides Real Estate,https://static.shared.propertyfinder.eg/media/images/client_logos/2671/a074e715-07fd-4b60-a3d9-08a090a2e081.jpg
رابح للتسويق العقاري,https://static.shared.propertyfinder.eg/media/images/client_logos/991/d3cf9c60-cf7e-4b44-9516-136434de864a.jpg
ARC Investments,https://static.shared.propertyfinder.eg/media/images/client_logos/4423/27da289b-6dc9-4716-b678-debadb689893.jpg
ERE,https://static.shared.propertyfinder.eg/media/images/client_logos/1780/2e4ff3ce-59e8-4e5b-a29d-b846dd48b7ca.jpg
Hodoud for Real Estate,https://static.shared.propertyfinder.eg/media/images/client_logos/877/ed2b6e78-c946-435c-868f-d69191e14945.jpg
Citygate Resale,https://static.shared.propertyfinder.eg/media/images/client_logos/6028/87e66252-8d6c-4671-adf0-94808d2aaff0.jpg
The Way,https://static.shared.propertyfinder.eg/media/images/client_logos/2282/25ffb05d-c1ae-4270-b4fe-52108f694a08.jpg
Kayan Real Estate & Property Management,https://static.shared.propertyfinder.eg/media/images/client_logos/66/d8bf3c91-3120-4337-8779-67ff717f190f.jpg
Held Real Estate,https://static.shared.propertyfinder.eg/media/images/client_logos/4312/2287877d-bf69-4820-8ada-615d63dfeb5b.jpg
Global Marketing Real Estate,https://static.shared.propertyfinder.eg/media/images/client_logos/1663/0044282e-7e91-4576-b58b-40fb584bb361.jpg
RE/MAX Everest,https://static.shared.propertyfinder.eg/media/images/client_logos/266/0c479d5c-aa46-4d3e-a087-5ed83ae4dd95.jpg
Promax Property Investors,https://static.shared.propertyfinder.eg/media/images/client_logos/2931/2dc343ab-18a6-431d-9e7a-3181fe8d7cb9.jpg
Dwell elite,https://static.shared.propertyfinder.eg/media/images/client_logos/5967/ec828da6-2f00-4305-bbeb-d47b3c1bc44a.jpg
Osoul Misr,https://static.shared.propertyfinder.eg/media/images/client_logos/1593/89fe0283-999e-4e63-896d-7a5cd4e955ef.jpg
RE/MAX Al Mohager,https://static.shared.propertyfinder.eg/media/images/client_logos/430/81901f6a-e764-4cce-b1dd-f133bd548cdb.jpg
Home Select for real estate,https://static.shared.propertyfinder.eg/media/images/client_logos/4313/41f522a3-0f93-43b4-b510-4867b1513b34.jpg
Commercial State,https://static.shared.propertyfinder.eg/media/images/client_logos/1999/d803bf4c-3b39-4cea-8477-70b9dee8784b.jpg
YaKan Properties,https://static.shared.propertyfinder.eg/media/images/client_logos/1978/086111b6-2860-4392-94c5-52ef967d1e25.jpg
Al Ahly Sabbour,https://static.shared.propertyfinder.eg/media/images/client_logos/5522/9f16be71-104c-4e6d-8875-97c94d133d65.jpg
Horizon Estate,https://static.shared.propertyfinder.eg/media/images/client_logos/548/ed8ee0d7-33d7-4d4a-a3ee-f4c19ff78657.jpg
Inn Properties,https://static.shared.propertyfinder.eg/media/images/client_logos/179969/8c885cc8-a538-415f-89b4-8cb44928e0ba.jpg
Bright,https://static.shared.propertyfinder.eg/media/images/client_logos/2734/79a2eac0-e9a5-4abd-b2f5-90aad9e1dd0e.jpg
Property Hills One,https://static.shared.propertyfinder.eg/media/images/client_logos/1192/e44669d1-8049-47b7-96ea-2adb1284ba84.jpg
CLICK,https://static.shared.propertyfinder.eg/media/images/client_logos/6378/af9143e4-e705-43fe-a2ac-cac8bb0c538d.jpg
The 8 For Real Estate Solutions,https://static.shared.propertyfinder.eg/media/images/client_logos/4106/b93dceb8-d2a6-4722-8259-bb1fa71b39cc.jpg
Houseology,https://static.shared.propertyfinder.eg/media/images/client_logos/702/4d93a5f3-14cc-4ead-a446-ae928742100b.jpg
Vida Solutions,https://static.shared.propertyfinder.eg/media/images/client_logos/4774/461f1003-c4e8-4aa3-ac0f-5a6171f403ae.jpg
Bold Egypt,https://static.shared.propertyfinder.eg/media/images/client_logos/4986/f9afea2a-23ed-423e-b8ba-6d7adc9e15dd.jpg
Dream Homes Real Estate,https://static.shared.propertyfinder.eg/media/images/client_logos/1984/1c233ffd-c1bb-4e28-b120-cf35c9d27f75.jpg
Darak Madinaty,https://static.shared.propertyfinder.eg/media/images/client_logos/4316/512d1eaf-bcbd-487f-bfc2-3f9b232d4f5c.jpg
Inspire Homes,https://static.shared.propertyfinder.eg/media/images/client_logos/4446/4b692dd1-9493-4cc5-930e-b66ce5a62344/260x200.jpg?v=1c878657f93b55fa8b8521e23449463f
Experts Real Estate Investment,https://static.shared.propertyfinder.eg/media/images/client_logos/6117/6cd5f0db-2b1c-4905-a87a-920cbb5418ef.jpg
RE/MAX Avalon,https://static.shared.propertyfinder.eg/media/images/client_logos/309/bec1e9de-57ef-4b3c-b229-3b126725c297.jpg
Your Real Estate,https://static.shared.propertyfinder.eg/media/images/client_logos/6426/c7cc8844-95a2-4340-abac-bc6d24b848b2.jpg
شقتي للتسويق العقاري و ادارة المشروعات,https://static.shared.propertyfinder.eg/media/images/client_logos/2062/c2fd47e7-d455-47c2-ac1a-97701e806d8d.jpg
Regus-Egypt,https://static.shared.propertyfinder.eg/media/images/client_logos/4039/e9c5489f-8d77-4d69-8d7e-09f6e9cf62b9.jpg
Home Valley,https://static.shared.propertyfinder.eg/media/images/client_logos/917/ee2473a5-7ade-4962-8034-624c4e172e04.jpg
Gaby's Homes,https://static.shared.propertyfinder.eg/media/images/client_logos/2039/c1c1bb35-1118-45b8-ab28-b549bdad0249.jpg
Path Finder,https://static.shared.propertyfinder.eg/media/images/client_logos/3888/aca8850f-25c2-4b3c-b66f-2bea2c598384.jpg
Three in one Investment,https://static.shared.propertyfinder.eg/media/images/client_logos/5618/4fcfa24a-f13e-4556-ad14-9451679de928.jpg
Haven Estate,https://static.shared.propertyfinder.eg/media/images/client_logos/5528/c71f3b98-d9ec-42fc-8689-1d73056857fd.jpg
Golden Gates Real Estate,https://static.shared.propertyfinder.eg/media/images/client_logos/5960/1cfe776c-eeab-4a10-a9f4-e35c07374d6b.jpg
Places Solution,https://static.shared.propertyfinder.eg/media/images/client_logos/5891/9da5f794-c94e-428e-8dd5-6939981148e8.jpg
THE SECRET INVESTMENT,https://static.shared.propertyfinder.eg/media/images/client_logos/5926/51a11ac7-6c75-4203-8bc2-c5c9ac291b88.jpg
iHome,https://static.shared.propertyfinder.eg/media/images/client_logos/6417/ddb41489-8f68-4564-adad-1f41fe3f5188.jpg
North Edge,https://static.shared.propertyfinder.eg/media/images/client_logos/180438/0fa37ac0-f7ec-4789-8870-843dd91eedca.jpg
Revox,https://static.shared.propertyfinder.eg/media/images/client_logos/179970/7d0f9cdc-f23e-47f2-baba-74994da40da4.jpg
Tasweeq For Real Estate,https://static.shared.propertyfinder.eg/media/images/client_logos/1037/f295c723-2e22-44ea-b7c8-7183a0dec119.jpg
SKEEP,https://static.shared.propertyfinder.eg/media/images/client_logos/2297/0a109013-e24c-402c-9cc6-76a31be9fad3.jpg
Fortune Real Estate,https://static.shared.propertyfinder.eg/media/images/client_logos/5373/b231324d-fc33-45e5-a412-7fbec12310fe.jpg
Western House,https://static.shared.propertyfinder.eg/media/images/client_logos/5735/b869caaf-b65c-42df-b0b1-f3e2b0e87bf9.jpg
INST8 Real Estate Consultancy,https://static.shared.propertyfinder.eg/media/images/client_logos/5978/d8d0459f-ef31-4fbd-8d3c-9396876fff9e.jpg
MH For Real Estate,https://static.shared.propertyfinder.eg/media/images/client_logos/179957/58834c0a-2bc2-494c-bff6-917be28e6f48.jpg
Engaz Real Estate,https://static.shared.propertyfinder.eg/media/images/client_logos/1020/0b93b2ff-1d36-48a3-ac70-a36ef1073b92.jpg
Emtdad Real Estate,https://static.shared.propertyfinder.eg/media/images/client_logos/1654/f730e31a-fbdb-4678-adde-963a93d8597f.jpg
ETHOS,https://static.shared.propertyfinder.eg/media/images/client_logos/1657/1b9af02e-e7d5-4e37-84ad-6b5a157072c9.jpg
Zayed Homes,https://static.shared.propertyfinder.eg/media/images/client_logos/1713/2f038b45-6a4c-4069-80ef-354564e4c2b5.jpg
Home Agent,https://static.shared.propertyfinder.eg/media/images/client_logos/2724/1c1a9101-11c1-4af0-b7e9-b7535e374132.jpg
Scale for Real estate investments,https://static.shared.propertyfinder.eg/media/images/client_logos/2451/730f02b2-d2cb-449b-b79c-20105ebc3a70.jpg
Premium Homes,https://static.shared.propertyfinder.eg/media/images/client_logos/3119/8db4c851-58e8-4306-8ae2-72ba564520a6.jpg
Bigger Asset,https://static.shared.propertyfinder.eg/media/images/client_logos/3434/21338c32-5ca5-4460-82ec-47fecfd87ecc.jpg
-رواسي للاستثمار العقاري-,https://static.shared.propertyfinder.eg/media/images/client_logos/3414/e3d72b2d-9991-45d4-b79f-df996bd58fcb.jpg
El Hefny Group,https://static.shared.propertyfinder.eg/media/images/client_logos/3989/82d805a4-d380-497b-bcb0-65dd7ffef7bc.jpg
Clustra Real Estate Consultancy,https://static.shared.propertyfinder.eg/media/images/client_logos/4178/8ea6ca64-e632-489c-a406-c26368ce047b.jpg
Santorini,https://static.shared.propertyfinder.eg/media/images/client_logos/4503/c3eea0c5-b5a2-4676-9873-20292e37ffae.jpg
New Edge,https://static.shared.propertyfinder.eg/media/images/client_logos/5043/e822d3f8-17ae-4866-ac88-01a385ffa023.jpg
Momentum,https://static.shared.propertyfinder.eg/media/images/client_logos/5210/b0d1b5fe-1fae-409e-bcfa-24b1e8fca945.jpg
Right Direction,https://static.shared.propertyfinder.eg/media/images/client_logos/5026/c9e7f947-51c3-43bf-b1c8-7f19c3ff0215.jpg
Sky Hills For Real Estate,https://static.shared.propertyfinder.eg/media/images/client_logos/5462/90827104-2c68-48e3-b437-231a12b607b1.jpg
El Hady Real Estate Investment,https://static.shared.propertyfinder.eg/media/images/client_logos/6202/d58ccfe1-0294-4d34-9fde-7d9b606d2a07.jpg
بروبيرتي هيلز ون,https://static.shared.propertyfinder.eg/media/images/client_logos/6126/b26d23e5-028d-4e1b-9824-dbc5ff26efc1.jpg
New Casa Real estate,https://static.shared.propertyfinder.eg/media/images/client_logos/180325/052d3832-7182-4b0a-9ba7-6bd969e7a0af.jpg
TDA Real Estate,https://static.shared.propertyfinder.eg/media/images/client_logos/180486/f34948b2-d26b-4720-ae73-28db882aaf81.jpg
Anchor for Real Estate,https://static.shared.propertyfinder.eg/media/images/client_logos/180494/3270be73-2759-47e1-9087-ec160f1125d2.jpg
GNY Real Estate,https://static.shared.propertyfinder.eg/media/images/client_logos/180686/78776134-4784-4483-a33d-38cbf079e72e/260x200.jpg?v=c6c34dc29f9d7a2f9b25511c45b9ec50
MD Signature 1,https://static.shared.propertyfinder.eg/media/images/client_logos/180563/e8afeaa3-04e0-4ab7-b369-5bf7a2522869.jpg
El-Moustafa For Real Estate,https://static.shared.propertyfinder.eg/media/images/client_logos/180581/64bf7eca-9ebb-4a3c-b281-b9a4682fa381.jpg
Prime Homes,https://static.shared.propertyfinder.eg/media/images/client_logos/179911/6a6d80fe-bf43-45e5-9412-3c2a21c701c1.jpg
Bitak,https://static.shared.propertyfinder.eg/media/images/client_logos/180763/1f3edc50-63ca-4465-bccf-822250f147fd/260x200.jpg?v=cd1413ac23a556b9ac63aeb4c16c06de
Hidden Homes,https://static.shared.propertyfinder.eg/media/images/client_logos/180766/b5f22fd0-cfdf-402a-9336-ad2c0bede760/260x200.jpg?v=e36001e99358d71d1695523e118d36c6
The Realestate experts,https://static.shared.propertyfinder.eg/media/images/client_logos/180773/800c4d58-3c26-42ca-ae33-369bb2ec5389/260x200.jpg?v=af8449f64f294de2bbe0deb2186eae23
La Quinta,https://static.shared.propertyfinder.eg/media/images/client_logos/180022/a88c4b5b-f6e3-4b9a-94bc-b018a8c2d90f.jpg
Property Guide.,https://static.shared.propertyfinder.eg/media/images/client_logos/180807/965dff63-2a2f-4674-9a0b-3cc78c6b0b73/260x200.jpg?v=915e4ff5eaa3697c010bdf67a542aea2
Skyline,https://static.shared.propertyfinder.eg/media/images/client_logos/180465/5898ce8b-4f2c-4760-b52c-352c89a3f7f1.jpg
Four Bond,https://static.shared.propertyfinder.eg/media/images/client_logos/180034/436d944e-f3c8-4391-82ae-66be89134749.jpg
Smart Location Group,https://static.shared.propertyfinder.eg/media/images/client_logos/6259/ec644105-47f1-4e47-a691-01a6628b132f.jpg
D.Signature,https://static.shared.propertyfinder.eg/media/images/client_logos/180469/3dad7c92-bbfe-4879-a33a-987ba7e3d5cc.jpg
REV Real Estate,https://static.shared.propertyfinder.eg/media/images/client_logos/2796/66ec94c1-5480-4f0d-a09a-f0fa873c7d3c.jpg
Wdeals for real estate,https://static.shared.propertyfinder.eg/media/images/client_logos/374/35b92e71-2365-455c-b60c-ffd14064c1d7.jpg
Elegant Home,https://static.shared.propertyfinder.eg/media/images/client_logos/1846/139e00d8-3240-473a-a88a-3daef4971e22.jpg
Redefine,https://static.shared.propertyfinder.eg/media/images/client_logos/4883/ca87a78b-cdf0-4600-b316-bbcf685b5bc3.jpg
DMG,https://static.shared.propertyfinder.eg/media/images/client_logos/6192/37d1b75c-b53b-4be4-a222-d4f4b96b648a.jpg
Ammaier for real estate,https://static.shared.propertyfinder.eg/media/images/client_logos/5738/e4181278-72c2-41cc-a410-e12388251c4c.jpg
Wealthiest Real Estate management,https://static.shared.propertyfinder.eg/media/images/client_logos/6387/86fda88d-f6ff-42ce-9889-bb87819d8b2c.jpg
Home Way,https://static.shared.propertyfinder.eg/media/images/client_logos/5657/70daf1f9-c136-43dc-af6b-765c905cc18c.jpg
Magic Real Estate,https://static.shared.propertyfinder.eg/media/images/client_logos/5859/b3e47ff4-f0ef-438d-8513-278ae5b51ecb.jpg
Property Group,https://static.shared.propertyfinder.eg/media/images/client_logos/3715/a1b4af78-c369-4e37-bd18-24c7a5d19190.jpg
Estimate Investment,https://static.shared.propertyfinder.eg/media/images/client_logos/5471/314743bb-1c76-4310-bceb-2909d7445a9b.jpg
Hyde Park Developments,https://static.shared.propertyfinder.eg/media/images/client_logos/6435/a3c2dc06-256d-44bc-b343-7daa08e9a8bb.jpg
Prime Company,https://static.shared.propertyfinder.eg/media/images/client_logos/6406/0fcad255-d03c-4e24-9a2b-afdebab90aaa.jpg
Homes Egypt,https://static.shared.propertyfinder.eg/media/images/client_logos/328/15fbd80d-6383-410d-b552-8c511613f9dd.jpg
Residia,https://static.shared.propertyfinder.eg/media/images/client_logos/6397/4a60f968-8d64-4e5f-9aa3-810b52b30ad9.jpg
Maskan Consultancy,https://static.shared.propertyfinder.eg/media/images/client_logos/6415/37785ac9-cf3a-4f3a-9ff3-72a227b1b9d4.jpg
MD Signature,https://static.shared.propertyfinder.eg/media/images/client_logos/180336/55f56090-a975-4b45-b880-6c2652d0cc7f.jpg
Cairo Gate,https://static.shared.propertyfinder.eg/media/images/client_logos/608/c82186c7-dd65-414d-8a20-ba22649d27d5.jpg
Aka Group Real estate,https://static.shared.propertyfinder.eg/media/images/client_logos/4092/28e770df-3bf9-4f16-9eed-4b84d35fb40c.jpg
Triple S Real Estate,https://static.shared.propertyfinder.eg/media/images/client_logos/4940/9cbab2e4-9f25-4d3e-b36e-c185a20d147d.jpg
Wonder Homes For Real Estate,https://static.shared.propertyfinder.eg/media/images/client_logos/5547/3bbc9bf9-88e0-49ee-a6bf-5dbd1a1c30f7.jpg
Selective,https://static.shared.propertyfinder.eg/media/images/client_logos/6095/f6ca8eef-4cf6-4dcd-a198-538c48f14d44.jpg
Square Properties,https://static.shared.propertyfinder.eg/media/images/client_logos/4282/5897faf2-a854-4ca7-b24f-367f4b0609eb.jpg
Makanak Investments,https://static.shared.propertyfinder.eg/media/images/client_logos/5216/16f0f126-e337-42c3-bcd7-4b2a90570755.jpg
Key Point for real estate,https://static.shared.propertyfinder.eg/media/images/client_logos/6411/731c3877-de21-488b-a442-81932237154f.jpg
Aqar Misr,https://static.shared.propertyfinder.eg/media/images/client_logos/6272/00409354-22f3-46d5-8790-ce12334b5b75.jpg
Buyerside,https://static.shared.propertyfinder.eg/media/images/client_logos/180324/8a285abf-a59e-471e-934c-6b49cf774ea2.jpg
Q Sequoie,https://static.shared.propertyfinder.eg/media/images/client_logos/4688/a6954df1-c22f-444d-b29b-17a937a22f7e.jpg
Oqood Investments,https://static.shared.propertyfinder.eg/media/images/client_logos/4755/8dae17e5-fb13-423a-a7f7-994a66111dc2.jpg
Najd Real Estate,https://static.shared.propertyfinder.eg/media/images/client_logos/1754/9dc86369-48b5-4ba1-a336-786bbb960e95.jpg
Country For Real Estate,https://static.shared.propertyfinder.eg/media/images/client_logos/3997/4fd9ed81-9bc1-4eab-a4bf-a835df003e64.jpg
TREX,https://static.shared.propertyfinder.eg/media/images/client_logos/4430/b6a1e14e-7583-48f4-841e-60e41f0848d5.jpg
Crown properties,https://static.shared.propertyfinder.eg/media/images/client_logos/5271/f9ff98d7-3851-4825-842a-80843c174392.jpg
ERA Real Estate Egypt,https://static.shared.propertyfinder.eg/media/images/client_logos/275/bc5ad0a7-6f02-45da-a0bd-246714871b74.jpg
Image Investments,https://static.shared.propertyfinder.eg/media/images/client_logos/1480/338fef08-4d11-4239-b01b-adc0b1bdae41.jpg
Corporate Deals,https://static.shared.propertyfinder.eg/media/images/client_logos/6206/662ba8e6-77d9-40c2-874e-6151d337f28c.jpg
Smart Step,https://static.shared.propertyfinder.eg/media/images/client_logos/1523/7f06575c-8f55-4836-a5c5-59e03de695ce.jpg
Full House West,https://static.shared.propertyfinder.eg/media/images/client_logos/4396/564ce4a8-552c-47d8-b97e-c6c3dc85e545.jpg
Boundless For Real Estate,https://static.shared.propertyfinder.eg/media/images/client_logos/179978/4a40f373-2217-4fa0-8979-dddc87194afb.jpg
Flag square Real Estate,https://static.shared.propertyfinder.eg/media/images/client_logos/2639/4ac74a16-8964-4055-a87b-d10776cfbd77.jpg
Al Fanar Development and project management,https://static.shared.propertyfinder.eg/media/images/client_logos/6367/776bb8c0-6c32-44a6-a62d-a8c7754559f7.jpg
Premises,https://static.shared.propertyfinder.eg/media/images/client_logos/5279/02d780c4-5f3a-47f5-8151-8d89d8c3a048.jpg
The Polygon,https://static.shared.propertyfinder.eg/media/images/client_logos/6080/19e192d4-40ba-44a8-bee4-77ce7891e0dd.jpg
Realtors,https://static.shared.propertyfinder.eg/media/images/client_logos/807/53c648b8-c105-4625-baa8-9047538b8662.jpg
Towers Map,https://static.shared.propertyfinder.eg/media/images/client_logos/4650/8f2774cd-663a-499b-9859-f293fb69a3a4.jpg
Element Estate,https://static.shared.propertyfinder.eg/media/images/client_logos/3770/3e6dc0f1-4942-4c32-8cc7-fad231df3d28.jpg
Rank For Real Estate,https://static.shared.propertyfinder.eg/media/images/client_logos/4589/b8b7113b-8e48-4e40-8c1b-a64b09241aee.jpg
I properties Real Estate Consultant,https://static.shared.propertyfinder.eg/media/images/client_logos/457/54c0d729-9300-4309-bd8d-e0066ea529e7.jpg
The Choice For Real Estate,https://static.shared.propertyfinder.eg/media/images/client_logos/5546/034cbe69-ca20-4688-b9c1-549ff77843e5.jpg
plan-B,https://static.shared.propertyfinder.eg/media/images/client_logos/5980/f8f9b4cd-6916-4cf9-a1ed-3891b0010375.jpg
Circle Realestate,https://static.shared.propertyfinder.eg/media/images/client_logos/4482/48d18e68-80d3-4abd-ac2e-7424fbe797c9.jpg
VERKKINS,https://static.shared.propertyfinder.eg/media/images/client_logos/2948/a79675d5-7f7c-42a0-92ac-01c7538f0a8c.jpg
Infinity Homes,https://static.shared.propertyfinder.eg/media/images/client_logos/5513/409b5aff-cb1b-4b8b-a6cb-a1112db65369.jpg
Modern Homes realestate,https://static.shared.propertyfinder.eg/media/images/client_logos/5460/91a69f1c-e5cf-45db-b3b5-c432f2afbeb7.jpg
Nile House For Real Estate,https://static.shared.propertyfinder.eg/media/images/client_logos/2516/741322fa-c394-49e3-964c-6698a04c8578.jpg
New Arkan Properties,https://static.shared.propertyfinder.eg/media/images/client_logos/1470/b62dffaa-2c52-46b4-af87-8b4afc4f9db2.jpg
SG Real Estate,https://static.shared.propertyfinder.eg/media/images/client_logos/1564/10b70769-1ed2-45ed-89d8-d88cbf193959.jpg
Capital Property,https://static.shared.propertyfinder.eg/media/images/client_logos/4692/20e98292-36f5-4dc8-a406-cd3eaf6f15d9.jpg
AMG.,https://static.shared.propertyfinder.eg/media/images/client_logos/6347/9b515d05-865b-4658-80d8-dac9876289e2.jpg
El Kateb Real Estate,https://static.shared.propertyfinder.eg/media/images/client_logos/4014/2ce20faf-f45b-4e5b-a3db-1221a7c42431.jpg
Vertex Estate,https://static.shared.propertyfinder.eg/media/images/client_logos/6165/d38914a0-33b9-42fc-9309-42ed1d1fc454.jpg
Aspire Properties,https://static.shared.propertyfinder.eg/media/images/client_logos/6375/7cd78b66-9719-4e73-b2c2-8535e0002f0c.jpg
The Broker EG,https://static.shared.propertyfinder.eg/media/images/client_logos/4501/04f2280c-07b7-4531-8e41-b97da214ed30.jpg
ZF Property,https://static.shared.propertyfinder.eg/media/images/client_logos/1141/56ecd671-5bf8-44c5-aa27-4eff2ecae0df.jpg
Element,https://static.shared.propertyfinder.eg/media/images/client_logos/6172/71fa4255-a079-49cf-95fd-d4839755b083.jpg
Value For Real Estate,https://static.shared.propertyfinder.eg/media/images/client_logos/4235/b7aadc4c-c61f-4d46-b287-ba4feaa1ea80.jpg
Smart Home,https://static.shared.propertyfinder.eg/media/images/client_logos/5911/b0da6ede-06c5-45ab-8f89-42eace46ea4d.jpg
In2Rent,https://static.shared.propertyfinder.eg/media/images/client_logos/6298/0d0d5666-9957-4605-9ee8-890a35fe3393.jpg
Gold Routes,https://static.shared.propertyfinder.eg/media/images/client_logos/5872/4bd517d5-c8c5-4d34-aca0-15d8f6e33c73.jpg
Triple V Real Estate Consultancy,https://static.shared.propertyfinder.eg/media/images/client_logos/4167/12fe0357-0ba7-46e2-9fc7-811183028aa4.jpg
Rikaz,https://static.shared.propertyfinder.eg/media/images/client_logos/6229/1a2eb6da-459e-424b-a114-4d833059c423.jpg
Contract Madinaty,https://static.shared.propertyfinder.eg/media/images/client_logos/5788/e2614077-57d5-4241-8c59-469c4fa037fb.jpg
Homy Real Estate,https://static.shared.propertyfinder.eg/media/images/client_logos/180396/0bb5b3c1-f98b-489a-833c-ab5dc59ca936.jpg
Top Homes Real Estate,https://static.shared.propertyfinder.eg/media/images/client_logos/2170/a5a5e6c0-faaf-46aa-a3b0-7325f7c22262.jpg
Commercial Square,https://static.shared.propertyfinder.eg/media/images/client_logos/3396/ebf88071-ce01-472d-a0d5-b8dd21891392.jpg
S signature,https://static.shared.propertyfinder.eg/media/images/client_logos/5747/876f945c-ed61-4518-8dcb-70736b1641ef.jpg
Sedra Real Estate,https://static.shared.propertyfinder.eg/media/images/client_logos/397/1c6ec718-6f61-4c86-bc8b-e8684130e023.jpg
sms for RealEstate,https://static.shared.propertyfinder.eg/media/images/client_logos/6174/f20aa1eb-8d9d-42f4-b7d6-a877738fe342.jpg
ABAZA for real estate,https://static.shared.propertyfinder.eg/media/images/client_logos/332/dc69fdb1-cc55-4f73-8781-a2de6896a511.jpg
Real Vision,https://static.shared.propertyfinder.eg/media/images/client_logos/1750/9068d9c3-6dbd-4caa-88d9-82b09a46fc20.jpg
Picky Properties,https://static.shared.propertyfinder.eg/media/images/client_logos/2529/b4778bee-d792-41cc-b4c3-d56751de22a3.jpg
Sign Real Estate,https://static.shared.propertyfinder.eg/media/images/client_logos/1316/4a7f15f2-2ef0-4694-82a5-6c94b78d1f0d.jpg
Global holdings,https://static.shared.propertyfinder.eg/media/images/client_logos/6368/bc82da14-08ac-42f3-87b1-1cd86e937159.jpg
The Light For Real Estate,https://static.shared.propertyfinder.eg/media/images/client_logos/2133/92d40df7-4c13-4fe7-ad46-8762eca06d23.jpg
Code For Real Estate,https://static.shared.propertyfinder.eg/media/images/client_logos/4304/adbd557b-cf4e-490c-a258-915d2610b9c9.jpg
العصامي للتسويق و الاستثمار العقاري,https://static.shared.propertyfinder.eg/media/images/client_logos/2099/94d6c651-4db6-413f-a072-c4104c088fdf.jpg
Galaxy Real Estate,https://static.shared.propertyfinder.eg/media/images/client_logos/4659/bab1b0ce-85d9-4428-b331-e232ca6c6849.jpg
Iskan West,https://static.shared.propertyfinder.eg/media/images/client_logos/4445/a0a3c27c-995a-4965-88f2-27b1710fc0a5.jpg
EstateLink,https://static.shared.propertyfinder.eg/media/images/client_logos/5507/200217c2-4ba8-4e9f-aac3-5d97e3bcfa9e.jpg
Emkan for Real Estate,https://static.shared.propertyfinder.eg/media/images/client_logos/5778/0282ee97-22dd-4430-88c0-55779a90a77c.jpg
Brokers Hub,https://static.shared.propertyfinder.eg/media/images/client_logos/2615/06c8201c-20f2-46ca-9220-97686ff37e2d.jpg
Al Mada'in,https://static.shared.propertyfinder.eg/media/images/client_logos/180688/442b5463-2da8-4c5c-8f76-82d5ce2a37b8.jpg
Naeem Developments,https://static.shared.propertyfinder.eg/media/images/client_logos/951/95ad9196-9d00-4e60-9868-b74bb8b4a319.jpg
bnb,https://static.shared.propertyfinder.eg/media/images/client_logos/4586/d1d32976-8d40-402a-bf3e-1f31bed738f3.jpg
Waystar Investment,https://static.shared.propertyfinder.eg/media/images/client_logos/6418/a59598b1-c5d6-44cd-8ea7-89a876096faf.jpg
Topaz Real Estate,https://static.shared.propertyfinder.eg/media/images/client_logos/2707/824f7443-3ef3-43ab-b9f2-f93ee326cd81.jpg
Good Vibe Homes,https://static.shared.propertyfinder.eg/media/images/client_logos/3076/433a7e34-fd7e-4073-aae9-2537f8b9d777.jpg
Morshedy Group - Land Mark,https://static.shared.propertyfinder.eg/media/images/client_logos/179955/2017f6e0-d40a-4b55-9d39-aae59e76fe5a.jpg
NABAJ,https://static.shared.propertyfinder.eg/media/images/client_logos/5876/f7cd3afb-4845-45f1-b7a4-559a350dc264.jpg
Arsam Real-estate,https://static.shared.propertyfinder.eg/media/images/client_logos/1493/eb34a26c-58d2-4491-b8d8-bc15b1584e93.jpg
Morshedy Group,https://static.shared.propertyfinder.eg/media/images/client_logos/6428/06dda6e3-21ee-4122-862b-1d80370611a9.jpg
Green Homes Real estate Agency,https://static.shared.propertyfinder.eg/media/images/client_logos/321/c2c0f19a-35be-409d-92c3-5c3d1780df9a.jpg
Realpals Real Estate,https://static.shared.propertyfinder.eg/media/images/client_logos/3789/9b783253-ffa2-4f0a-9b3c-675d9c3f08f6.jpg
Alarabia for Real Estate Investments,https://static.shared.propertyfinder.eg/media/images/client_logos/747/36726145-9c67-4d1d-b514-57c40e3ad317.jpg
CRV Real Estate Services,https://static.shared.propertyfinder.eg/media/images/client_logos/1492/d9fa294e-3efd-437f-973c-ab385b77c9ef.jpg
East wing,https://static.shared.propertyfinder.eg/media/images/client_logos/4298/d3de12eb-c9f5-46eb-ac1b-7b229290456e.jpg
Elviro,https://static.shared.propertyfinder.eg/media/images/client_logos/180750/ecda6a6e-0745-4417-8f33-376e14d22c6d.jpg
We Comm,https://static.shared.propertyfinder.eg/media/images/client_logos/4484/9487b035-5c52-488c-b4ec-0772c431bb7a.jpg
Darcom for Real Estate,https://static.shared.propertyfinder.eg/media/images/client_logos/356/04959983-08e7-4cc3-bc8a-4439fa967ad3.jpg
Remax Jareed,https://static.shared.propertyfinder.eg/media/images/client_logos/6353/cc356b30-7c2c-4a44-aa60-6ae4bc1e9c18.jpg
Aqar Dayem,https://static.shared.propertyfinder.eg/media/images/client_logos/2392/59fd31e8-e13e-42fb-9c76-34cd90fa066a.jpg
Home Destination,https://static.shared.propertyfinder.eg/media/images/client_logos/983/0eb4e470-28a7-403b-9a83-d27dd95d4b48.jpg
Another Way,https://static.shared.propertyfinder.eg/media/images/client_logos/6386/356047cf-ebd1-40e8-a3cb-4d36b4cc738c.jpg
بيتي للمقاولات,https://static.shared.propertyfinder.eg/media/images/client_logos/696/50dec196-f304-4e24-be3c-d7f9acc36f5e.jpg
MRG Real Estate,https://static.shared.propertyfinder.eg/media/images/client_logos/5269/ed410ca8-2b4b-420a-a874-c9726e55bc25.jpg
Dwelling For Real Estate and Management,https://static.shared.propertyfinder.eg/media/images/client_logos/372/67990965-446e-4705-8bbb-a9d24885e98e.jpg
Massar,https://static.shared.propertyfinder.eg/media/images/client_logos/532/517cfd83-ade6-46c1-be62-20fae34f26e5.jpg
KAMF,https://static.shared.propertyfinder.eg/media/images/client_logos/6359/fc2d89f0-f3e3-47ff-bf97-b1400ba9f91e.jpg
Arabia For Real estate,https://static.shared.propertyfinder.eg/media/images/client_logos/1435/a78a188d-fc36-464e-953b-9d8620efa427.jpg
Retaj Real Estate Consultancy,https://static.shared.propertyfinder.eg/media/images/client_logos/177/5b73e413-b313-4ae5-907e-141396d5bcbb.jpg
Horizen For Real Estate,https://static.shared.propertyfinder.eg/media/images/client_logos/4951/962b554d-6f46-4345-a86b-a94ca2d791d5.jpg
ROCK VINE,https://static.shared.propertyfinder.eg/media/images/client_logos/6327/8a9a4035-478b-474a-a81e-99c2501ddc0f.jpg
Zein for real estate,https://static.shared.propertyfinder.eg/media/images/client_logos/531/471a4075-14c8-4fd5-86c3-d34bda7094f2.jpg
Homevise Real Estate,https://static.shared.propertyfinder.eg/media/images/client_logos/180504/f3270fac-2aa3-46a2-b29d-8ffc4db9fe2d.jpg
Master Key,https://static.shared.propertyfinder.eg/media/images/client_logos/362/34992fb7-b451-4abd-8795-41cc4d9471f2.jpg
Smartex,https://static.shared.propertyfinder.eg/media/images/client_logos/4596/2e25ae79-9fa3-4674-a73c-31ec540c39d5.jpg
Start Homes Madinaty,https://static.shared.propertyfinder.eg/media/images/client_logos/5531/97ff2c15-7595-49f5-84dd-97cacc396454.jpg
Core Real Estate Development,https://static.shared.propertyfinder.eg/media/images/client_logos/2020/51f734be-2c06-4d42-a4e7-975385cc8911.jpg
Brick Real Estate,https://static.shared.propertyfinder.eg/media/images/client_logos/1973/2e35f9e9-2b38-4b72-87bf-1354fa6a603e.jpg
Property insider,https://static.shared.propertyfinder.eg/media/images/client_logos/2207/98e6da36-eeae-4e08-acf4-869bc1646793.jpg
Smart Assets Real Estate,https://static.shared.propertyfinder.eg/media/images/client_logos/2379/8ac0a0b9-3b3c-42b3-80d5-4fa06eb37b54.jpg
Contract Real Estate,https://static.shared.propertyfinder.eg/media/images/client_logos/1906/7df33394-a854-4bf0-aa69-d4ae60d7aaab.jpg
views investment,https://static.shared.propertyfinder.eg/media/images/client_logos/6445/82a4da32-aaf8-41fb-8faa-c86fc7108b04.jpg
BETA EGYPT,https://static.shared.propertyfinder.eg/media/images/client_logos/4205/fc6552b2-2296-4218-a4f7-17322046b474.jpg
Crafters Real Estate,https://static.shared.propertyfinder.eg/media/images/client_logos/5739/c44fb64f-f4e2-4451-9387-05e7bf5d4c41.jpg
Tatari Investments,https://static.shared.propertyfinder.eg/media/images/client_logos/4164/1bf95e79-23d4-4191-a5af-774df180d8e7.jpg
Amlak akareya,https://static.shared.propertyfinder.eg/media/images/client_logos/4618/5fdf1686-56f9-4a3d-b114-704cd3b2ef88.jpg
El-Nemr LTD,https://static.shared.propertyfinder.eg/media/images/client_logos/2644/874ad966-0ec6-4c67-8c08-ea4455a334cf.jpg
clear scope,https://static.shared.propertyfinder.eg/media/images/client_logos/6218/a97d2c41-dd35-455f-a462-c04a5ba3a7d8.jpg
Gold Real Estate,https://static.shared.propertyfinder.eg/media/images/client_logos/132/cc7d5411-8015-43a8-a29d-0ba6f22ea8a7.jpg
Arab City Group ( ACG ),https://static.shared.propertyfinder.eg/media/images/client_logos/5413/1cdfc502-27e4-4dff-b4d1-8a7f803030ab.jpg
LevelA,https://static.shared.propertyfinder.eg/media/images/client_logos/4240/83575657-8ec0-4bdb-94f6-5b3e2af9d2f8.jpg
La Plage Group,https://static.shared.propertyfinder.eg/media/images/client_logos/1873/9458e1b4-1cd5-46fb-ae64-c2e915fd7d29.jpg
Laucienda For Real Estate,https://static.shared.propertyfinder.eg/media/images/client_logos/6371/e818e50d-00c1-4fe7-8824-e1293a0b4290.jpg
Teleo For Real Estate,https://static.shared.propertyfinder.eg/media/images/client_logos/6346/3a4a31a2-3bcc-4dc1-b057-8d551c81a1c8.jpg
929 Real Estate,https://static.shared.propertyfinder.eg/media/images/client_logos/6243/340b722f-a7de-43bb-9195-ce25174b689e.jpg
I-Property,https://static.shared.propertyfinder.eg/media/images/client_logos/272/0c399cdf-83b1-450a-b43f-9f315797e14a.jpg
Scout Real Estate,https://static.shared.propertyfinder.eg/media/images/client_logos/2560/8d664900-e9a9-4746-b9e3-073f919c92a7.jpg
Remax Bytek,https://static.shared.propertyfinder.eg/media/images/client_logos/180729/43b9941d-aafd-4df7-aedd-15de792b5c6f/260x200.jpg?v=5c7443c50ac692e92638ecaf8150b298
Hirondelle Properties,https://static.shared.propertyfinder.eg/media/images/client_logos/630/0a356e8d-a510-4d6d-9dc6-5a50cc39d5b1.jpg
Blu Real Estate Marketing,https://static.shared.propertyfinder.eg/media/images/client_logos/433/bd5fa59e-2973-418a-817b-aa6b5d940b4b.jpg
Vira Real Estate,https://static.shared.propertyfinder.eg/media/images/client_logos/6092/c5466fa3-0625-4ca3-9722-5c1a5a6bb44a.jpg
JMG,https://static.shared.propertyfinder.eg/media/images/client_logos/5069/de4e0c3e-bbb2-45af-b946-47f4ed3a6119.jpg
La Costa For Real Estate,https://static.shared.propertyfinder.eg/media/images/client_logos/6374/b182b280-37b0-4fd2-b639-87eae1e76fa5.jpg
Wealth Platinum,https://static.shared.propertyfinder.eg/media/images/client_logos/6138/0d321639-b68f-465a-bece-984518d16685.jpg
Crown Developments,https://static.shared.propertyfinder.eg/media/images/client_logos/5300/94d56e3e-eb1a-45e0-a4eb-159ccfa26db6.jpg
Hashtag Real estate,https://static.shared.propertyfinder.eg/media/images/client_logos/5680/2ff44c17-e7f5-44e5-978c-94882712557a.jpg
Hefnawy Group,https://static.shared.propertyfinder.eg/media/images/client_logos/5601/8adfe71d-b814-4535-98f4-ceb5134df284.jpg
ERMA Real Estate,https://static.shared.propertyfinder.eg/media/images/client_logos/5561/df7f0f8c-9ecf-4262-b40c-b4fba53fdba1.jpg
Classy Home For Real Estate,https://static.shared.propertyfinder.eg/media/images/client_logos/6132/16135615-6bac-4e3a-8dab-4d03c3f05353.jpg
Location Properties,https://static.shared.propertyfinder.eg/media/images/client_logos/2783/cfd3c3ce-0e23-41e3-aaae-12a93835bfc1.jpg
Feeds,https://static.shared.propertyfinder.eg/media/images/client_logos/6207/c51ee22b-100f-4f9e-ba87-5569724744a1.jpg
Dorra Developments,https://static.shared.propertyfinder.eg/media/images/client_logos/180493/2ad77ffb-96e3-4f61-82a1-f33a760713f8.jpg
West Field,https://static.shared.propertyfinder.eg/media/images/client_logos/1022/b3dd1893-7af0-4828-bde9-323475c1be2d.jpg
نوفاتيرا للتسويق العقاري,https://static.shared.propertyfinder.eg/media/images/client_logos/6097/0863716b-5e7a-4d3a-8d16-f7e36fca0ada.jpg
Chances Real Estate,https://static.shared.propertyfinder.eg/media/images/client_logos/3656/439b65e1-e2b2-4b0f-b893-88af5d492ce4.jpg
BEYOTCOM,https://static.shared.propertyfinder.eg/media/images/client_logos/4965/fed81a32-3ec3-448c-b1d0-f6ab212ca140.jpg
El-Bedihy & Co,https://static.shared.propertyfinder.eg/media/images/client_logos/180474/1fb68bba-0364-49cd-b303-3c6fe38bd2d3.jpg
Good Deals,https://static.shared.propertyfinder.eg/media/images/client_logos/319/42f078d2-e5f9-4809-996d-62b803ed89cc.jpg
Seals Consulting,https://static.shared.propertyfinder.eg/media/images/client_logos/3944/e2f77e4b-aff5-4733-a629-070048e27476.jpg
EST8 | Real Estate Advisory,https://static.shared.propertyfinder.eg/media/images/client_logos/6421/e8021d6a-0a08-41e1-974d-5fd5825525c8.jpg
Better Estate Investment,https://static.shared.propertyfinder.eg/media/images/client_logos/2182/c90259a6-5bb3-4cb3-aad8-087955e7dded.jpg
Marina Home,https://static.shared.propertyfinder.eg/media/images/client_logos/1228/3f3b3ce2-02b2-41be-8a62-451094a13290.jpg
ROI For Real Estate,https://static.shared.propertyfinder.eg/media/images/client_logos/2069/4d792b5f-e8fd-41cf-b765-a64ece982e84.jpg
19 Rehab For RealEstate,https://static.shared.propertyfinder.eg/media/images/client_logos/180810/57f9c74d-7ee9-481b-ade5-48cef8f86415/260x200.jpg?v=058f635050657009ad61b7dba84e6501
ICONIC,https://static.shared.propertyfinder.eg/media/images/client_logos/5057/397c7059-e4e6-4e6a-a313-757c1b6c766b.jpg
E-Spaces,https://static.shared.propertyfinder.eg/media/images/client_logos/180478/7cc08e10-7a50-45fc-b076-739d0da41e85.jpg
Dk REAL ESTATE,https://static.shared.propertyfinder.eg/media/images/client_logos/5166/d133115f-7113-49f7-83d2-60ff503e7659.jpg
Flip,https://static.shared.propertyfinder.eg/media/images/client_logos/4915/7128c0e6-e028-425c-ba3a-ce1f7ac98e53.jpg
Find Estates,https://static.shared.propertyfinder.eg/media/images/client_logos/2952/b61f881d-7690-4efa-91cd-eb0e81aa4109.jpg
RE/MAX 1st Choice,https://static.shared.propertyfinder.eg/media/images/client_logos/4310/10b7dfa7-3510-4062-a321-896a6e452232.jpg
KRE investments,https://static.shared.propertyfinder.eg/media/images/client_logos/6318/9efa78a6-8e1b-4501-8026-be59a3f833a6.jpg
Eureka Real Estate,https://static.shared.propertyfinder.eg/media/images/client_logos/575/f4e35cb4-8d09-4ab0-b9d1-fcbe753b7610.jpg
MoveIn Egypt,https://static.shared.propertyfinder.eg/media/images/client_logos/1160/088e4f4e-6c6a-4db0-923d-80d44c323879.jpg
Valero developments,https://static.shared.propertyfinder.eg/media/images/client_logos/6154/30cbd554-e6dc-4a13-8c00-2da56593994a.jpg
City Properties,https://static.shared.propertyfinder.eg/media/images/client_logos/934/b79fd74d-4e07-424f-94e0-07fc9f29545d.jpg
ElGammal real estate,https://static.shared.propertyfinder.eg/media/images/client_logos/345/e6fa4c91-46bc-4f6f-8eb6-3677a9bb4d0b.jpg
Remax Top Agents,https://static.shared.propertyfinder.eg/media/images/client_logos/1990/cb19aa8e-6762-49be-baa1-4874a2dc262d.jpg
Blue Pearl,https://static.shared.propertyfinder.eg/media/images/client_logos/1241/d6ba58f0-2c07-4bc2-a963-8926f92d925d.jpg
Eden Real Estate,https://static.shared.propertyfinder.eg/media/images/client_logos/723/85e67845-951a-4f21-808f-0035eeefb14c.jpg
Kayan El Aqaria,https://static.shared.propertyfinder.eg/media/images/client_logos/1900/89784dca-4f40-41df-98eb-b15365510c20.jpg
Chance for Realestate,https://static.shared.propertyfinder.eg/media/images/client_logos/1980/72c2c04e-df56-4cc3-a69f-cc942a55287c.jpg
البيت الابيض للاستثمار العقاري,https://static.shared.propertyfinder.eg/media/images/client_logos/4040/c1f82383-2d0d-4ed1-8997-be1c6b83fecb.jpg
Masar Real Estate,https://static.shared.propertyfinder.eg/media/images/client_logos/4225/708ec8fa-988c-44fe-9794-1c8fe69e3f00.jpg
Homes Real Estate,https://static.shared.propertyfinder.eg/media/images/client_logos/5610/d3473336-6d60-4088-ba5f-66cef7fe51b4.jpg
Signature Broker,https://static.shared.propertyfinder.eg/media/images/client_logos/5612/7b5dddf0-a7bf-4746-9029-4e85e37e54e8.jpg
Makka Real Estate,https://static.shared.propertyfinder.eg/media/images/client_logos/5985/3933533b-2e74-49ff-bd44-ea09a9e5d6c3.jpg
Houses and More For Real Estate,https://static.shared.propertyfinder.eg/media/images/client_logos/5743/eaed4381-8fc9-4845-8757-49e60ff0e3e3.jpg
Lennar For Real Estate,https://static.shared.propertyfinder.eg/media/images/client_logos/6059/4d82ec5c-e80d-4f73-9275-e89c819ee75b.jpg
Shift Real Estate Solutions,https://static.shared.propertyfinder.eg/media/images/client_logos/180344/13e7c72a-9e27-4982-92ad-7307255898e1.jpg
Contact Madinaty Real Estate,https://static.shared.propertyfinder.eg/media/images/client_logos/624/b1fbb565-6c85-4a98-a336-fc767162037a.jpg
الاولي العقارية,https://static.shared.propertyfinder.eg/media/images/client_logos/713/3ad0430b-a9ba-40ca-9725-cf7d97838eb7.jpg
EnGaZ Real Estate,https://static.shared.propertyfinder.eg/media/images/client_logos/1024/9665d79a-d1e4-4be1-8bdc-e8bf48dd705d.jpg
Property Misr,https://static.shared.propertyfinder.eg/media/images/client_logos/1130/a67e58b1-2e5c-42de-81ac-26d35915df8c.jpg
Grand House Real Estate,https://static.shared.propertyfinder.eg/media/images/client_logos/1446/0f3812b6-4968-46e0-8948-4ad03ac2850e.jpg
My Home,https://static.shared.propertyfinder.eg/media/images/client_logos/1372/c917f689-c64c-4e6d-8a6a-864ed78d402b.jpg
Ideal Real Estate,https://static.shared.propertyfinder.eg/media/images/client_logos/2109/6ce26059-b674-453e-a8b2-fa55874e654e.jpg
Amwaj,https://static.shared.propertyfinder.eg/media/images/client_logos/2767/6bdafdb3-45bd-45eb-bd7e-b67bdf945d2f.jpg
GREEN HOUSE,https://static.shared.propertyfinder.eg/media/images/client_logos/2601/120084f2-718b-448f-9d67-2f42d6eda55a.jpg
La Plaza Real Estate,https://static.shared.propertyfinder.eg/media/images/client_logos/2924/9426b806-4059-442b-a887-1e458e5111d7.jpg
INVEST PRO,https://static.shared.propertyfinder.eg/media/images/client_logos/3421/36a22017-42a9-4a81-ade0-9e88a818941f.jpg
GoldMark RealEstate,https://static.shared.propertyfinder.eg/media/images/client_logos/3882/5fa37893-c679-439b-8a22-17c2801bb95b.jpg
New Asset Investment,https://static.shared.propertyfinder.eg/media/images/client_logos/4779/46774bb0-b66d-4eae-9bca-f4003b73041e.jpg
FIND HOUSE REALEstate,https://static.shared.propertyfinder.eg/media/images/client_logos/4489/c9e020df-9e2d-48e3-923f-852ed74467c5.jpg
Sala Real-estate,https://static.shared.propertyfinder.eg/media/images/client_logos/4936/bbdf06d8-7eb6-4a05-acde-c28f62107185.jpg
Top Level,https://static.shared.propertyfinder.eg/media/images/client_logos/5360/4edcfdd5-4590-4f53-a0d5-92f3c6a3b009.jpg
Ghoneim Real Estate,https://static.shared.propertyfinder.eg/media/images/client_logos/5320/5a4717f7-f1c2-47d7-a6b9-fa275ef44fdc.jpg
Nova Residence,https://static.shared.propertyfinder.eg/media/images/client_logos/5787/58dd8ee7-62ab-42d7-aeae-12b43d7bc56e.jpg
Show Views,https://static.shared.propertyfinder.eg/media/images/client_logos/6355/e6da7c25-cf02-4815-8bfa-49432d510711.jpg
Auris For Project Management,https://static.shared.propertyfinder.eg/media/images/client_logos/6357/d3096d21-5e6f-49ce-b06a-e9d412647b3e.jpg
Revalo Real Estate,https://static.shared.propertyfinder.eg/media/images/client_logos/6275/3834f45f-11df-405a-bc4e-3631e20be036.jpg
Sky Line,https://static.shared.propertyfinder.eg/media/images/client_logos/2428/c8b73ca4-6737-4316-a60e-5690d37f861d.jpg
الدوليه للتجارة والتسويق العقاري,https://static.shared.propertyfinder.eg/media/images/client_logos/3155/51f1c5bd-fda4-4ac8-8b8d-2ee71503234b.jpg
Hello Home,https://static.shared.propertyfinder.eg/media/images/client_logos/3193/82955606-bbbd-4701-83cc-89ae1bb00334.jpg
Real Estate Agency,https://static.shared.propertyfinder.eg/media/images/client_logos/2984/7d1937f3-02e6-4c8c-8ba7-30ceafd42400.jpg
للتسويق العقاري S&f theSmart future,https://static.shared.propertyfinder.eg/media/images/client_logos/2997/64d6b48d-d7c2-4bd9-9bd4-70667efd9caa.jpg
TA Real Estate,https://static.shared.propertyfinder.eg/media/images/client_logos/4878/8804fe27-342d-407e-ae6b-1ed09ed9ccfb.jpg
Horizon Homes,https://static.shared.propertyfinder.eg/media/images/client_logos/6251/97363f35-c173-46a9-9ee4-bee22229755d.jpg
ستايل هوم,https://static.shared.propertyfinder.eg/media/images/client_logos/3972/5c336b8a-0e30-4114-bb0e-dd28e659dbf9.jpg
Premier Group,https://static.shared.propertyfinder.eg/media/images/client_logos/344/b530fbe8-aea9-48e5-b41e-4c4e6897afde.jpg
Manazil Egypt,https://static.shared.propertyfinder.eg/media/images/client_logos/906/bebe9dd0-f2fc-47c2-a4aa-c5116b9a3efa.jpg
Golden house,https://static.shared.propertyfinder.eg/media/images/client_logos/1220/42954782-6cf0-40f4-9cc9-6bb5a0116403.jpg
House Rock,https://static.shared.propertyfinder.eg/media/images/client_logos/1236/b2999093-1bc3-4841-a694-359484248788.jpg
Smart Move,https://static.shared.propertyfinder.eg/media/images/client_logos/1545/56bacb3b-b75b-49eb-8edd-d94b0d163621.jpg
Re/Max IBuild,https://static.shared.propertyfinder.eg/media/images/client_logos/1473/045a07e1-24fb-4161-985e-1f62f9cf7eac.jpg
Green House Real Estate,https://static.shared.propertyfinder.eg/media/images/client_logos/2326/fc753487-2e28-4d1a-b770-81b13acf22d6.jpg
Sky Home,https://static.shared.propertyfinder.eg/media/images/client_logos/2211/2f075b7c-d0d5-4455-8077-aa1fc22dd62f.jpg
شركة التوحيد للعقارات,https://static.shared.propertyfinder.eg/media/images/client_logos/3095/95440617-f9db-4462-a4b3-b950f04df471.jpg
Projects Real Estate,https://static.shared.propertyfinder.eg/media/images/client_logos/3102/4b3d7843-034b-4bd6-8361-5ce2f840cfed.jpg
Ahmed Hassan For Real Estate,https://static.shared.propertyfinder.eg/media/images/client_logos/3488/4b9da445-c0a5-4f29-a6c2-d723a56e4694.jpg
Al Khabir Realestate,https://static.shared.propertyfinder.eg/media/images/client_logos/4281/dad3d6e0-ce4e-42d8-b9f7-4b015493296b.jpg
المصري للعقارات,https://static.shared.propertyfinder.eg/media/images/client_logos/4187/6bb11e47-c55d-461b-a17b-bd59af206ac6.jpg
Hussien Farahat,https://static.shared.propertyfinder.eg/media/images/client_logos/4635/1c1384d9-2427-42c9-acaf-6bb44097696c.jpg
Art colorr,https://static.shared.propertyfinder.eg/media/images/client_logos/4450/afa72aff-0eaa-4f24-a866-2d9acbb6a714.jpg
Dream Home,https://static.shared.propertyfinder.eg/media/images/client_logos/4454/2998572c-28b6-44e4-8d7f-43b18b21c075.jpg
We are consultancy,https://static.shared.propertyfinder.eg/media/images/client_logos/4988/fcb8b24a-6e21-4a04-8751-cd7205f89b62.jpg
بداية للاستثمار العقاري,https://static.shared.propertyfinder.eg/media/images/client_logos/5255/0d6fcae1-defb-4885-ab26-8d12b3f88a84.jpg
ابتكار للتسويق العقاري,https://static.shared.propertyfinder.eg/media/images/client_logos/5490/d4a48d0c-d5a3-4699-b874-c21656f81df3.jpg
Trust,https://static.shared.propertyfinder.eg/media/images/client_logos/5389/44c8b05b-8477-4648-8e96-c5fd04d869ed.jpg
Rook Estate,https://static.shared.propertyfinder.eg/media/images/client_logos/5406/99f636d7-0b63-4639-b7cc-4612309d741b.jpg
Dm Consultation,https://static.shared.propertyfinder.eg/media/images/client_logos/5674/bb9336e1-f46b-4dd6-a361-03e420676dfb.jpg
Find Real Estate,https://static.shared.propertyfinder.eg/media/images/client_logos/5944/e64348e5-b147-41c8-8c1b-0561e57bb2e6.jpg
Hurghada View Real Estate,https://static.shared.propertyfinder.eg/media/images/client_logos/6149/ac86a575-23b7-456d-81c9-39e73a7e6c03.jpg
The X Site For Real Estate,https://static.shared.propertyfinder.eg/media/images/client_logos/6072/c91404d0-8b0a-44c6-9a9e-c3e3717aa6eb.jpg
Lutazn For Real Estate,https://static.shared.propertyfinder.eg/media/images/client_logos/6407/9db78ac1-9688-41b3-9275-db9c88a209ee.jpg
Pharos Real Estate,https://static.shared.propertyfinder.eg/media/images/client_logos/6432/1c68634d-5076-4c7d-85a0-70cbf3aeddcb.jpg
Line development,https://static.shared.propertyfinder.eg/media/images/client_logos/180630/d391b485-1a34-4600-a1a1-852adf2a4a67/260x200.jpg?v=6d121e824e50032d1fc3fadd4d76b106
Knight properties,https://static.shared.propertyfinder.eg/media/images/client_logos/180409/2698a03e-a341-4532-bd3d-9b619d248280.jpg
View For Real Estate,https://static.shared.propertyfinder.eg/media/images/client_logos/180815/9e07552e-ea37-43e7-b7a1-80e51a1d5cd9/260x200.jpg?v=61abae6f9a2e95304ac1c27eb3f0c122
X Hub,https://static.shared.propertyfinder.eg/media/images/client_logos/5932/e3dbdbe6-2be1-4e36-8fea-4c09bcdefc9e.jpg
Brokers East,https://static.shared.propertyfinder.eg/media/images/client_logos/1054/30d3a2c3-bd64-4877-9089-830275a3119f.jpg
Housey,https://static.shared.propertyfinder.eg/media/images/client_logos/4143/bde81e0b-ce87-4400-8c35-1adcfcd55b80.jpg
Point Mark For Real Estate,https://static.shared.propertyfinder.eg/media/images/client_logos/864/e2af0a19-8af8-4532-838f-5bd38a64ea89.jpg
Premium housing,https://static.shared.propertyfinder.eg/media/images/client_logos/3023/6cc65955-a975-42be-a71b-3c0feb43b76a.jpg
My House (M&H),https://static.shared.propertyfinder.eg/media/images/client_logos/5548/f8d98fc3-b30d-443e-b49f-f92c49e7c560.jpg
The Homies,https://static.shared.propertyfinder.eg/media/images/client_logos/6070/b59020a5-e3d5-4591-acf1-d98fdbf32632.jpg
Muabark Group,https://static.shared.propertyfinder.eg/media/images/client_logos/4640/a040cc78-dad4-47a2-b4de-6029b24b3ebc.jpg
Empire real estate and investment,https://static.shared.propertyfinder.eg/media/images/client_logos/3369/3fa7459b-1050-42ae-8efe-dab1076de945.jpg
Zone Abaza For Real Estate,https://static.shared.propertyfinder.eg/media/images/client_logos/6237/9927dfd9-1ad4-4115-bdb3-bd784b523029.jpg
Turnkey Solutions,https://static.shared.propertyfinder.eg/media/images/client_logos/4387/3e048d6c-70c8-4308-9a76-fe4cc75abcef.jpg
Honesty Gate Real Estate,https://static.shared.propertyfinder.eg/media/images/client_logos/5590/e6de941d-67b7-4907-827f-0b130d6ee37f.jpg
Baytak.,https://static.shared.propertyfinder.eg/media/images/client_logos/6226/eabcbbb5-f1ab-411b-99d5-e12a1025cdb9.jpg
Future Square,https://static.shared.propertyfinder.eg/media/images/client_logos/4393/198c7054-b4b8-4f30-9dbd-960b64778411.jpg
Capital Commercial CCIM,https://static.shared.propertyfinder.eg/media/images/client_logos/1941/17ca21ca-fa08-44d2-9060-bbb7986b6221.jpg
Maadi Estate Agents,https://static.shared.propertyfinder.eg/media/images/client_logos/4188/40a212dc-ba61-41c2-b57f-53cd3b6d24bf.jpg
العقارية جروب,https://static.shared.propertyfinder.eg/media/images/client_logos/6262/cc253920-2a96-4e94-b235-084efc777c6f.jpg
Mohamed Gaber,https://static.shared.propertyfinder.eg/media/images/client_logos/5347/2f6232bb-2755-4724-86ab-ba4dfd24f4a9.jpg
Future Home RealEstate,https://static.shared.propertyfinder.eg/media/images/client_logos/3397/e9b41744-019e-4f7f-89fd-78dd93ff37c6.jpg
Dastan Real Estate,https://static.shared.propertyfinder.eg/media/images/client_logos/6444/ea0875e0-ee8a-4a13-9fab-fc9705591f6c.jpg
Alex Realestate,https://static.shared.propertyfinder.eg/media/images/client_logos/4198/2b546e5f-3749-41d4-b703-35c3326b5713.jpg
Byout Misr Property Consultancy,https://static.shared.propertyfinder.eg/media/images/client_logos/1301/1848a877-400f-4c4d-9005-b34fdd0cf8f3.jpg
AL SAWAH GROUP,https://static.shared.propertyfinder.eg/media/images/client_logos/5005/53eca9c3-0eca-40b0-815a-5d51c64aa551.jpg
Adagio Real Estate,https://static.shared.propertyfinder.eg/media/images/client_logos/4150/40b69549-b733-4a04-9c0b-b6b6e6528f27.jpg
Concrete Real Estate,https://static.shared.propertyfinder.eg/media/images/client_logos/6293/f09affb4-7385-460d-9021-157f96429285.jpg
Mozdan For Real Estate,https://static.shared.propertyfinder.eg/media/images/client_logos/4813/b696eabb-8253-4e36-95f2-1f6f8c3b9d62.jpg
اصل المعمار,https://static.shared.propertyfinder.eg/media/images/client_logos/4488/f9bec693-97bf-4afe-b64d-b2e8272bf1c5.jpg
Rakar Investments,https://static.shared.propertyfinder.eg/media/images/client_logos/5526/b4ad8492-f1c3-4e07-a1a9-9b9f4de69493.jpg
Real estate مكه,https://static.shared.propertyfinder.eg/media/images/client_logos/4346/d6eeabb7-c297-46f1-80e9-dc6914b35e22.jpg
West City,https://static.shared.propertyfinder.eg/media/images/client_logos/4223/b4ff332b-6614-477b-9643-12450d8f9edd.jpg
Origin Real Estate,https://static.shared.propertyfinder.eg/media/images/client_logos/5452/5e8e209b-355a-4e76-81c6-9c288dd3c970.jpg
مكتب فيوتشر للعقارات,https://static.shared.propertyfinder.eg/media/images/client_logos/3156/b98ca0c6-85a4-4ae5-b19e-1ef336803c5a.jpg
House Plus Real Estate,https://static.shared.propertyfinder.eg/media/images/client_logos/5709/b90f2a4a-bd2e-4985-8b0b-240e2524f511.jpg
iFound Property,https://static.shared.propertyfinder.eg/media/images/client_logos/1759/60caf901-0aa2-43b9-b1b4-22045c793cd4.jpg
4C Real Estate,https://static.shared.propertyfinder.eg/media/images/client_logos/2004/1a4f65aa-d7ea-4582-b285-d4b21d338876.jpg
Commission Real Estate,https://static.shared.propertyfinder.eg/media/images/client_logos/3626/3e08cd70-1aaa-4cec-9ff4-fe31b117337a.jpg
Compound Hekaya,https://static.shared.propertyfinder.eg/media/images/client_logos/6356/9a300aba-b40e-4c28-b231-a5eda7167842.jpg
Red House Real Estate,https://static.shared.propertyfinder.eg/media/images/client_logos/1056/b4415b73-c1d4-4218-84c0-4774a642ef5f.jpg
شركة البحيري جروب,https://static.shared.propertyfinder.eg/media/images/client_logos/4963/303dbc4c-0155-49e3-a046-fe489c2f820b.jpg
Town Home Real Estate,https://static.shared.propertyfinder.eg/media/images/client_logos/6364/7fa014bd-f27b-443d-a019-32fc972a127b.jpg
Target Group,https://static.shared.propertyfinder.eg/media/images/client_logos/671/708b9407-bd12-4b47-9cf8-90c463ed166b.jpg
HA Group Rehab,https://static.shared.propertyfinder.eg/media/images/client_logos/1011/af85e096-72f5-4333-be70-94a275562804.jpg
Eastmark,https://static.shared.propertyfinder.eg/media/images/client_logos/4213/9c809acc-8a5a-412c-9bbf-b29148607572.jpg
Utopia,https://static.shared.propertyfinder.eg/media/images/client_logos/4955/ecea561d-c744-407a-a0ec-bb6800864735.jpg
Eviča,https://static.shared.propertyfinder.eg/media/images/client_logos/2072/ce7b2adb-7938-4311-b21a-bcb8ee52cfbd.jpg
Royal Home,https://static.shared.propertyfinder.eg/media/images/client_logos/1712/3517ab84-ece9-4ea1-b6c3-45d648159e2c.jpg
AKARKOM R,https://static.shared.propertyfinder.eg/media/images/client_logos/2866/27e7b495-d653-40cb-b1ba-203217daa15c.jpg
galaxy house real estate,https://static.shared.propertyfinder.eg/media/images/client_logos/4709/520e8942-2670-4940-b772-091bb3dc5185.jpg
Green City for real estate,https://static.shared.propertyfinder.eg/media/images/client_logos/2907/471f79af-efae-4d9c-8472-a6379372c702.jpg
Time House,https://static.shared.propertyfinder.eg/media/images/client_logos/2625/25f51236-463e-4144-86ca-3562b8c6d49f.jpg
Jedar Real Estate,https://static.shared.propertyfinder.eg/media/images/client_logos/5518/bfb1095e-4ded-4ab9-8a9e-bb2bdeea7504.jpg
Emak Realestate,https://static.shared.propertyfinder.eg/media/images/client_logos/2777/d698e2e4-5fa6-42cd-83a4-75f90a07dd3f.jpg
Cropleads For Real Estate & investment,https://static.shared.propertyfinder.eg/media/images/client_logos/1821/9e959685-57f7-42ba-9c3a-463ef450f5ed.jpg
Soul Properties,https://static.shared.propertyfinder.eg/media/images/client_logos/5566/ac531c49-2477-467c-b28d-66076240e2af.jpg
Beyoot,https://static.shared.propertyfinder.eg/media/images/client_logos/4872/921ba115-f688-4110-b2f5-20e0b439ede8.jpg
Buyoot For Real Estate,https://static.shared.propertyfinder.eg/media/images/client_logos/4327/94c0dd27-835b-42b6-8e22-7930b00c476d/260x200.jpg?v=9561b64823f3d1db4c554944b4d2a720
رويال هاوس,https://static.shared.propertyfinder.eg/media/images/client_logos/180727/5cbd6519-3116-42c0-8007-785807770a53.jpg
Circles investment,https://static.shared.propertyfinder.eg/media/images/client_logos/4373/b049f511-0501-4454-84ad-f77951fe0b55.jpg
All 90,https://static.shared.propertyfinder.eg/media/images/client_logos/741/ae187f50-f525-439f-871d-bcbec2159047.jpg
Pro House,https://static.shared.propertyfinder.eg/media/images/client_logos/4100/4d6cd8e1-c14f-4b8a-a6c2-d03e7d078f8b.jpg
One Real Estate,https://static.shared.propertyfinder.eg/media/images/client_logos/5971/3898a5ea-44e4-45ff-ae38-d9b108b22582.jpg
Blocks,https://static.shared.propertyfinder.eg/media/images/client_logos/6234/2b4faccc-4e8e-4b6d-a5e0-8dbc7f6f7c56.jpg
Apex Real Estate,https://static.shared.propertyfinder.eg/media/images/client_logos/6084/dd94d00d-0c66-4977-94dc-8d8c7b4d783a.jpg
One Broker Real Estate,https://static.shared.propertyfinder.eg/media/images/client_logos/1348/dcad4d59-162e-4c71-8887-6d4f6d423243.jpg
Mavera Property,https://static.shared.propertyfinder.eg/media/images/client_logos/3348/a1ea6e3c-c55e-40d4-8acc-cfb991300c9b.jpg
A to Z,https://static.shared.propertyfinder.eg/media/images/client_logos/5795/8ef63d7b-dd91-4583-97f0-4962927f02a8.jpg
Ritzy Developments,https://static.shared.propertyfinder.eg/media/images/client_logos/6403/dbc5934c-2473-407e-98e9-043ea54aa3e8.jpg
Pro-Homes,https://static.shared.propertyfinder.eg/media/images/client_logos/740/dedaf8e1-8ead-434c-94fc-cf2bd90ce69e.jpg
Make Money,https://static.shared.propertyfinder.eg/media/images/client_logos/6119/cc5309b6-bdab-4341-a16d-3bf1e36a0aeb.jpg
Host Real Estate,https://static.shared.propertyfinder.eg/media/images/client_logos/4405/992a349c-6dad-4ea3-8802-a49ef6065bd3.jpg
Strive Reality,https://static.shared.propertyfinder.eg/media/images/client_logos/5979/a2d11945-a7da-42ec-9d1f-9693c5ba8d97.jpg
Golden Vision,https://static.shared.propertyfinder.eg/media/images/client_logos/1709/75253b57-73a2-4220-b9d4-ac368e1a019d.jpg
KMG Real Estate,https://static.shared.propertyfinder.eg/media/images/client_logos/4780/48d787ad-278b-4ff2-8776-1eb88a998000.jpg
Royal Hub Real Estate,https://static.shared.propertyfinder.eg/media/images/client_logos/5729/c2418e45-57d0-4329-849d-b5d14a85f455.jpg
Elira Real estate Experts,https://static.shared.propertyfinder.eg/media/images/client_logos/6361/078659e7-6afe-4e5d-98bb-f2ded87e2110.jpg
Town River,https://static.shared.propertyfinder.eg/media/images/client_logos/5556/8e7629c0-5527-4ede-821b-8abc6c1fcad3.jpg
AL Baroon,https://static.shared.propertyfinder.eg/media/images/client_logos/2768/067bfc6d-372b-431e-9d3c-08c287828fbb.jpg
Home Sweet Home RE,https://static.shared.propertyfinder.eg/media/images/client_logos/5246/c25521dd-04bc-439d-9e29-a0f445116af4.jpg
TPV,https://static.shared.propertyfinder.eg/media/images/client_logos/4197/ef65ded5-9159-4f69-8fcc-db3de0a28b88.jpg
Fam Egypt,https://static.shared.propertyfinder.eg/media/images/client_logos/4196/bc03c8d5-3d14-4db7-9e13-9db5ae207e5a.jpg
AMAKEN Misr,https://static.shared.propertyfinder.eg/media/images/client_logos/2059/ae4a9dce-ccbf-4bba-b6bb-d71687e8583e.jpg
عقارات حماد,https://static.shared.propertyfinder.eg/media/images/client_logos/2906/e14d055a-c98a-4932-ada9-b452a9eb1bbb.jpg
MADAEN GROUP,https://static.shared.propertyfinder.eg/media/images/client_logos/6025/7f926ea4-6b49-4994-8a8b-5d5b6f1a7318.jpg
Top Cairo Real Estate,https://static.shared.propertyfinder.eg/media/images/client_logos/4356/8a204720-7d80-4249-bf58-16695bb6ff23.jpg
Second Home Real Estate,https://static.shared.propertyfinder.eg/media/images/client_logos/1185/25febac8-a96f-4f9c-9704-48564a3bf267.jpg
Novus Stanza,https://static.shared.propertyfinder.eg/media/images/client_logos/2212/f3643ff2-8b84-47ba-ace5-385d4b9a1cce.jpg
Upgrade Real Estate.,https://static.shared.propertyfinder.eg/media/images/client_logos/5902/f3df6591-27b7-489b-b51d-e657e5120be8.jpg
Bond & Key,https://static.shared.propertyfinder.eg/media/images/client_logos/4434/44745f2d-85cc-4696-a3cf-83173b6da7e0.jpg
ملكي للاستثمار العقاري,https://static.shared.propertyfinder.eg/media/images/client_logos/6277/a4d6bd73-41ab-433c-b458-08a469fabc58.jpg
Grey Parrot Realty,https://static.shared.propertyfinder.eg/media/images/client_logos/6446/2cfc695f-dc7b-4bb8-b9ca-1eca7def3ea9.jpg
Emaar Prime X,https://static.shared.propertyfinder.eg/media/images/client_logos/5035/52c5d1f7-ae37-4c4d-a5da-cc4a531e5c8e.jpg
City One,https://static.shared.propertyfinder.eg/media/images/client_logos/566/cc1c49cf-7edd-48ec-884d-5084e313f85b.jpg
Osoul Residence,https://static.shared.propertyfinder.eg/media/images/client_logos/4950/51fa7fa6-d73d-4752-a5d3-814cd6d6e81d.jpg
Landpeak Real Estate inv & Marketing,https://static.shared.propertyfinder.eg/media/images/client_logos/1793/6dfd4e07-ded5-4b7f-ae5b-970faf87ed4e.jpg
Diyar,https://static.shared.propertyfinder.eg/media/images/client_logos/2753/e178432e-1789-4fe6-858d-951dfc8f8db7.jpg
Shamy Real Estate,https://static.shared.propertyfinder.eg/media/images/client_logos/3456/3f7851ab-c710-48b0-bad8-65eaf0dff472.jpg
Bold Nest,https://static.shared.propertyfinder.eg/media/images/client_logos/3473/20aefb30-de04-498e-8f0b-47719f29fb1f.jpg
Marketing Plan,https://static.shared.propertyfinder.eg/media/images/client_logos/5267/b213a73e-9400-40f5-a85c-a2b442792fd9.jpg
Best Deal For Real Estate,https://static.shared.propertyfinder.eg/media/images/client_logos/3332/38817655-de9f-48b6-9829-9b8ba054b87b.jpg
Wnsta how,https://static.shared.propertyfinder.eg/media/images/client_logos/6239/416e2cf4-fa8e-404b-9a66-e345d96d10e1.jpg
Cairo Gate Real Estate,https://static.shared.propertyfinder.eg/media/images/client_logos/1162/c04ffdba-9b5f-4cb0-ad09-376ec42cea65.jpg
Al Beltagy Real Estate,https://static.shared.propertyfinder.eg/media/images/client_logos/2576/13e01301-f5b2-48b4-bddc-5ff506147ed9.jpg
Pylon investment,https://static.shared.propertyfinder.eg/media/images/client_logos/2622/764c17ab-55d4-481a-b91e-3e3fec9bf259.jpg
شركة أويسيز للتسويق العقاري,https://static.shared.propertyfinder.eg/media/images/client_logos/4036/fb892733-4fb8-46f2-9b09-cee12e5ea5b0.jpg
Badr Homes,https://static.shared.propertyfinder.eg/media/images/client_logos/1282/3f63c716-7599-40df-a7ae-e5ac7a8f578d.jpg
Foton Real Estate,https://static.shared.propertyfinder.eg/media/images/client_logos/3191/15171318-3cf3-403c-8303-dac778bde672.jpg
IHouse development,https://static.shared.propertyfinder.eg/media/images/client_logos/4622/639c843d-7e1b-4c4b-a5ab-2f5b703deb0c.jpg
Nour Eldein for Real Estate,https://static.shared.propertyfinder.eg/media/images/client_logos/426/e2f3ab99-3268-4d55-8cc5-59682d330637.jpg
آل المصري جروب,https://static.shared.propertyfinder.eg/media/images/client_logos/5695/e29c9ca8-dd7f-4319-862a-4352ab3ffbbf.jpg
Find House Group,https://static.shared.propertyfinder.eg/media/images/client_logos/6424/4b611c6c-296c-4dfe-9baf-9c0c74a9593c.jpg
Pyramids for real estate,https://static.shared.propertyfinder.eg/media/images/client_logos/852/4bf1e921-141b-4fef-b0f2-d59c175b682c.jpg
Relax Red Sea,https://static.shared.propertyfinder.eg/media/images/client_logos/1661/952c0229-2098-48f8-a85a-4149a017c2f8.jpg
Envigo Real Estate,https://static.shared.propertyfinder.eg/media/images/client_logos/3664/c29f3248-9a40-41ac-b616-31203aeb92b0.jpg
SAMA Real Estate Investment,https://static.shared.propertyfinder.eg/media/images/client_logos/1033/79c567a8-f217-4df5-9dbb-4c84422c0493.jpg
الهدى للمقاولات,https://static.shared.propertyfinder.eg/media/images/client_logos/180530/44bf63b2-eb18-4db1-9750-6cb88235e0a2.jpg
TARGET REAL ESTATE,https://static.shared.propertyfinder.eg/media/images/client_logos/2309/0b77c8be-8197-4670-beb1-09842caaf47e.jpg
Q VISION,https://static.shared.propertyfinder.eg/media/images/client_logos/5868/b5a76259-60f0-49ec-add0-cebccada38a4.jpg
Elite House.,https://static.shared.propertyfinder.eg/media/images/client_logos/2220/89f8a98c-541e-45f9-868f-3787595fba91.jpg
Home Approach,https://static.shared.propertyfinder.eg/media/images/client_logos/1121/e8784b1e-9718-44e2-aa7b-ec7c08569d66.jpg
Alabtal Developer,https://static.shared.propertyfinder.eg/media/images/client_logos/5550/e4aef160-c9ff-495d-a4bb-29ce41a6ea3f.jpg
My Real Estate,https://static.shared.propertyfinder.eg/media/images/client_logos/4471/20581ecd-0b48-47cd-a4d6-48d5259226cf.jpg
Capital Broker,https://static.shared.propertyfinder.eg/media/images/client_logos/1403/24f1f872-370e-4874-ba8f-0c0889d8d3c0.jpg
Cairo House Real Estate,https://static.shared.propertyfinder.eg/media/images/client_logos/164/fadea177-6677-485c-b3fa-bf748bbb56e8.jpg
DOT HOME,https://static.shared.propertyfinder.eg/media/images/client_logos/2030/1402b32e-f5bd-4463-8a33-0fb5a295b8be.jpg
أصول دوت كوم,https://static.shared.propertyfinder.eg/media/images/client_logos/4683/847a6bc9-1183-423c-b5f3-3117e42f511f.jpg
White House RE,https://static.shared.propertyfinder.eg/media/images/client_logos/5323/8a0381b3-e792-4a49-a4f0-3ff1270955d3.jpg
المؤسسة العقارية للإستثمار والتسويق العقاري,https://static.shared.propertyfinder.eg/media/images/client_logos/3423/2424e60d-e500-4648-a14b-7cc3558ed274.jpg
Shenouda Besheer Group,https://static.shared.propertyfinder.eg/media/images/client_logos/6341/deca0c69-ea62-47bc-8a5d-51bfaad873c1.jpg
Broker Egypt,https://static.shared.propertyfinder.eg/media/images/client_logos/1982/40e0c025-455c-42c5-ac6d-aa2a14237708.jpg
Hk Realestate,https://static.shared.propertyfinder.eg/media/images/client_logos/3349/3561adcc-4a43-4087-97e7-e3b983e28a80.jpg
The Brokerage Hub,https://static.shared.propertyfinder.eg/media/images/client_logos/2164/24c1dd86-d51d-4130-bb49-cc3b2273f308.jpg
العامر للتسويق العقاري,https://static.shared.propertyfinder.eg/media/images/client_logos/2009/239b3b66-25f1-4d54-8626-0f750896a7a1.jpg
MA Ville,https://static.shared.propertyfinder.eg/media/images/client_logos/2339/5fb913af-bb1f-474c-ae3b-d12a9b6ce0fa.jpg
أبو ظبي العقارية,https://static.shared.propertyfinder.eg/media/images/client_logos/4124/639fa73d-a5ed-450e-bd21-b8eb2e659297.jpg
القرش جروب - Elkersh Group,https://static.shared.propertyfinder.eg/media/images/client_logos/4061/030d327f-ad8e-4d34-93a0-6703d385d95e.jpg
New Build Developments,https://static.shared.propertyfinder.eg/media/images/client_logos/1931/ee0c8a53-3504-4d0a-83c2-7419b63afb90.jpg
Pro Master Real estate,https://static.shared.propertyfinder.eg/media/images/client_logos/4852/ce4e66b1-ab91-4f82-87db-6069ee0dde13.jpg
El Massa Real Estate,https://static.shared.propertyfinder.eg/media/images/client_logos/3143/1bd9b18a-7c49-486f-b78b-a2a72ab08fd6.jpg
TG West Realtor,https://static.shared.propertyfinder.eg/media/images/client_logos/6064/ba1e2fd8-ee52-4d82-8d30-5e321fa36b8e.jpg
Al Ofok Investment,https://static.shared.propertyfinder.eg/media/images/client_logos/6317/5a674590-4c10-494a-a8ea-a61c0a25640e.jpg
الرضوان العقاريه,https://static.shared.propertyfinder.eg/media/images/client_logos/1478/e14d4ddb-186f-46c2-96ef-6442d3c985c5.jpg
تنمية لإدارة المشروعات العقارية,https://static.shared.propertyfinder.eg/media/images/client_logos/2969/54ce9378-42b4-488c-a08c-439fe32c31b8.jpg
مكتب الساعة للعقارات,https://static.shared.propertyfinder.eg/media/images/client_logos/2870/f210123e-24f2-4096-b35f-d6a9545db41f.jpg
New Home Investment,https://static.shared.propertyfinder.eg/media/images/client_logos/6127/3c901b92-eb59-4902-9b80-dfc0390bc56e.jpg
الاستثمار المصري,https://static.shared.propertyfinder.eg/media/images/client_logos/2772/e259e67c-66e5-45fd-a4f4-b2473c33f8ad.jpg
Ring Road Real Estate,https://static.shared.propertyfinder.eg/media/images/client_logos/5439/653a4c03-84a2-4a39-8195-5b49ed4a821d.jpg
Emerald Estates - Egypt,https://static.shared.propertyfinder.eg/media/images/client_logos/5568/b4ddf245-982d-422e-a383-4d75ee122c07.jpg
Aqar Share,https://static.shared.propertyfinder.eg/media/images/client_logos/1393/0a7ac424-b35e-4dda-b209-0e9c3fe79631.jpg
Diyar real estate development,https://static.shared.propertyfinder.eg/media/images/client_logos/4112/86e4309f-e119-4cdf-a4be-0dbb0917a2e8.jpg
TiL Real Estate,https://static.shared.propertyfinder.eg/media/images/client_logos/6363/f173a954-f26f-4929-8493-d3f7b6ed8dee.jpg
Superior LLC renovation home & property management,https://static.shared.propertyfinder.eg/media/images/client_logos/4357/189c5b0b-9f41-41fb-9bc6-2fb2413274a9.jpg
Home Hunters EG,https://static.shared.propertyfinder.eg/media/images/client_logos/4923/63c69219-3739-420c-b0be-038ad8dc0f10.jpg
New Sphinx City Real Estate,https://static.shared.propertyfinder.eg/media/images/client_logos/5805/0742fe1a-5c02-4c9a-ad45-53eb33663db0.jpg
Aroma Real Estate,https://static.shared.propertyfinder.eg/media/images/client_logos/3447/003a848a-53c8-4979-bd66-803fed948b02.jpg
الافين للتسويق العقاري,https://static.shared.propertyfinder.eg/media/images/client_logos/4349/7b07787d-6bea-4888-9c02-a1e0084363bf.jpg
Finish Your Home,https://static.shared.propertyfinder.eg/media/images/client_logos/5463/18f9ac3e-5122-41f8-bdb0-d92dd32a0cd2.jpg
Smart-Homes Real Estate,https://static.shared.propertyfinder.eg/media/images/client_logos/5527/b9cbcebd-ce8a-48b0-8bdc-18bf5dfbd654.jpg
AQAR One For Realestate,https://static.shared.propertyfinder.eg/media/images/client_logos/4237/f5f96c34-b983-4368-b193-e31df98ee6cb.jpg
RCR for real estate,https://static.shared.propertyfinder.eg/media/images/client_logos/1090/938f809e-c193-4956-9d5d-3e37fd2f4fed.jpg
Target realestate,https://static.shared.propertyfinder.eg/media/images/client_logos/4836/c17f5b37-2c3d-438a-a7c8-42810847056f.jpg
Volume realestate,https://static.shared.propertyfinder.eg/media/images/client_logos/6338/57d9d31f-1f44-4325-a0c2-dc380daf9378.jpg
Rich House for real estate,https://static.shared.propertyfinder.eg/media/images/client_logos/4919/b22d48a7-a92f-4924-928e-7f6265be3486.jpg
Osoul Properties Real Estate,https://static.shared.propertyfinder.eg/media/images/client_logos/1243/e34398a7-51a0-4916-9d61-85ab7b2a3a67.jpg
El Marwa For Real Estate,https://static.shared.propertyfinder.eg/media/images/client_logos/5938/1a50498f-61d6-45c0-a41d-4a0a61113f94.jpg
A 2 Z Real Estate,https://static.shared.propertyfinder.eg/media/images/client_logos/1711/97d4824c-2e9e-4035-81cc-9865f83b05a2.jpg
Digital State,https://static.shared.propertyfinder.eg/media/images/client_logos/6345/10e18abe-72e8-459f-978c-8037509240cc.jpg
Al-Rowad Real Estate,https://static.shared.propertyfinder.eg/media/images/client_logos/6208/5f95c2a2-24b1-48ec-876b-0f79ff6cbb3d.jpg
Remax 360,https://static.shared.propertyfinder.eg/media/images/client_logos/1391/3034a677-d4bc-415b-96a9-5bd4cbb9ac53.jpg
Zayed Gate,https://static.shared.propertyfinder.eg/media/images/client_logos/2961/910e54b9-2697-4804-86b4-64879485a25e.jpg
Sphinx company,https://static.shared.propertyfinder.eg/media/images/client_logos/2695/cab1f69e-a853-4c76-bb7e-b152238fe8c5.jpg
Ahmed Realestate consultant,https://static.shared.propertyfinder.eg/media/images/client_logos/2913/0a7279e4-234b-45b4-9012-ea7b9d8679b5.jpg
Experience Real Estate,https://static.shared.propertyfinder.eg/media/images/client_logos/1838/0ad11697-dbb8-46ae-921c-c5ae07aee7f7.jpg
Mkank Estate | مكانك العقارية,https://static.shared.propertyfinder.eg/media/images/client_logos/6011/b650627a-7b81-4089-b0c6-0c68635827c9.jpg
Al Nile Real Estate,https://static.shared.propertyfinder.eg/media/images/client_logos/1758/25492549-4392-4ced-958a-bc4dd40f5bb0.jpg
Ebied Home,https://static.shared.propertyfinder.eg/media/images/client_logos/2442/e280cc0b-d71d-42cf-9b4c-e0c5799ea489.jpg
النهار للتسويق العقاري,https://static.shared.propertyfinder.eg/media/images/client_logos/4990/368b8f54-9fcc-46bb-bf3f-094c03c606ce.jpg
Family Home Real Estate,https://static.shared.propertyfinder.eg/media/images/client_logos/3587/818d46a5-c93d-4674-b3d7-ea271a680c12.jpg
East House,https://static.shared.propertyfinder.eg/media/images/client_logos/4760/63cf8c9a-0fa5-4e36-b2cd-14ed919a9751.jpg
New Home for Realestate,https://static.shared.propertyfinder.eg/media/images/client_logos/3651/8340d41b-1896-4905-99a3-cde13e05c9d1.jpg
بيت الاستثمار الذهبي,https://static.shared.propertyfinder.eg/media/images/client_logos/179913/54bde9af-c6b8-447b-a37b-6f27d1328aa9.jpg
القدس العقاريه,https://static.shared.propertyfinder.eg/media/images/client_logos/1537/1133de59-a7bf-4f65-a2eb-76c911cef223.jpg
Investa Real Estate,https://static.shared.propertyfinder.eg/media/images/client_logos/4173/6a0f9404-8fd5-4c8c-b00b-910c85354ad1.jpg
Property Hub,https://static.shared.propertyfinder.eg/media/images/client_logos/5070/5fe321e4-2e8e-4210-8e7e-7765fed06e93.jpg
East New Cairo,https://static.shared.propertyfinder.eg/media/images/client_logos/3152/99f7a35c-c148-4853-aa90-4df59305ea27.jpg
Mas Egypt Real Estate,https://static.shared.propertyfinder.eg/media/images/client_logos/1085/c821c743-11f1-42f1-8fc2-994e15448f0b.jpg
Cairo Aqar Real Estate,https://static.shared.propertyfinder.eg/media/images/client_logos/2132/d30e5449-bd6a-49a2-ae31-bad54f255d6e.jpg
دار الفرا,https://static.shared.propertyfinder.eg/media/images/client_logos/4689/e46d834c-394b-4074-af02-4af89f2db7f1.jpg
Monte Mar,https://static.shared.propertyfinder.eg/media/images/client_logos/6385/e5e55b5d-38a3-4cf7-99d9-98b8d5788f1e.jpg
Assec Properties,https://static.shared.propertyfinder.eg/media/images/client_logos/2138/4db31204-9fec-45c4-88a7-85be88fdc805.jpg
شركه الحبشى للاستثمار العقارى,https://static.shared.propertyfinder.eg/media/images/client_logos/1930/f9fac951-64bb-47de-8c3f-9ba2eccfaf47.jpg
Next Estate,https://static.shared.propertyfinder.eg/media/images/client_logos/6214/1a9b6c68-b2fb-4ce2-8eff-74faf3867901/260x200.jpg?v=d5af33b1b48f820547d3c0652c8c4268
أولاد منصور للإستثمار العقاري,https://static.shared.propertyfinder.eg/media/images/client_logos/2720/04db5741-30c5-4bd9-8e7c-1385d03a559b.jpg
EG.Estate,https://static.shared.propertyfinder.eg/media/images/client_logos/820/49ca0ed0-ae0e-4536-b620-4db558e3c049.jpg
Sweet Home Realestate,https://static.shared.propertyfinder.eg/media/images/client_logos/3767/0850f188-c066-4d31-8f5b-f6a8da085fc8.jpg
B-connect Real Estate,https://static.shared.propertyfinder.eg/media/images/client_logos/2252/1680e279-b954-4266-ba63-247e3902d22e.jpg
AL rehab development,https://static.shared.propertyfinder.eg/media/images/client_logos/5603/76b31f43-084f-4fcf-a159-7eb8291dd5ff.jpg
Real Solutions for real estate,https://static.shared.propertyfinder.eg/media/images/client_logos/2871/7543f585-23e9-4d78-99e8-34e3611b27f6.jpg
Rakaez Real Estate,https://static.shared.propertyfinder.eg/media/images/client_logos/3492/0961ec13-c33f-4901-bd6d-4a8450f358f3.jpg
Remax Today,https://static.shared.propertyfinder.eg/media/images/client_logos/753/9d146a58-e86a-4438-a452-d87a817a0413.jpg
Amaken For Real Estate,https://static.shared.propertyfinder.eg/media/images/client_logos/716/5b09c28e-af5a-4711-8dc2-5a548c739c0a.jpg
Jewar Real Estate.,https://static.shared.propertyfinder.eg/media/images/client_logos/5678/350dd520-55e7-498b-beb3-92dce9c21b1d.jpg
Enshaa RE,https://static.shared.propertyfinder.eg/media/images/client_logos/180036/902cbf55-6321-4594-a799-2530125cb50b.jpg
DAR AL AQAR,https://static.shared.propertyfinder.eg/media/images/client_logos/3031/606da883-ab7c-4ceb-b093-034c0a8c29de.jpg
عقار مارينا,https://static.shared.propertyfinder.eg/media/images/client_logos/2386/7fe9688d-9535-463e-a5a2-22e0ba29f951.jpg
Egy Nile Real Estate,https://static.shared.propertyfinder.eg/media/images/client_logos/552/7ed3b78e-ea4a-4b6e-ac85-a5dc83b370d0.jpg
Housing Realestate,https://static.shared.propertyfinder.eg/media/images/client_logos/2915/2e3aa43f-f867-4a23-9c60-28468e277c88.jpg
Like view,https://static.shared.propertyfinder.eg/media/images/client_logos/3731/24d64215-c84b-49ca-ab7c-548dbb419fea.jpg
Project Real Estate,https://static.shared.propertyfinder.eg/media/images/client_logos/5214/91a99fa0-0225-4f79-bb69-0a7a5015fe20.jpg
LEVERAGE,https://static.shared.propertyfinder.eg/media/images/client_logos/3176/6c85391d-4f81-4829-b09a-4f03299a350c.jpg
AL YOUSEF REAL ESTATE,https://static.shared.propertyfinder.eg/media/images/client_logos/4804/120bc3a7-aa87-4eff-85e8-86e6aadc24b0.jpg
Wall Street Real Estate,https://static.shared.propertyfinder.eg/media/images/client_logos/1852/29472cef-05e5-4b3f-b482-ecdfe25fe18a.jpg
Kayan RE,https://static.shared.propertyfinder.eg/media/images/client_logos/5050/39ec3c81-2bd7-44de-9ae9-2ca037c1e53c.jpg
Image,https://static.shared.propertyfinder.eg/media/images/client_logos/5626/9b886052-5943-454b-9f1c-40b734efbeae.jpg
اشتري بيتك,https://static.shared.propertyfinder.eg/media/images/client_logos/4026/2f2b8f89-ef2d-4bc8-ad12-ae0922e7edb2.jpg
PROPERTIES,https://static.shared.propertyfinder.eg/media/images/client_logos/2728/32d606f4-6b19-4a65-9d72-6641d98bbe4f.jpg
Alaqariah For Investment,https://static.shared.propertyfinder.eg/media/images/client_logos/2735/c76009eb-417c-434a-9fcd-92f1cf44ffe4.jpg
Harris Estates,https://static.shared.propertyfinder.eg/media/images/client_logos/6316/6cecfa9c-a48e-4bab-a286-650687ddc96b.jpg
دليلك العقارية,https://static.shared.propertyfinder.eg/media/images/client_logos/3123/789ddbfd-646d-4c7e-a7b6-3e92d2080664.jpg
A.M CONSULTANT,https://static.shared.propertyfinder.eg/media/images/client_logos/2805/8e1c8926-8790-486d-94bf-ea4807c8abe3.jpg
"Captain for Realestate,,,",https://static.shared.propertyfinder.eg/media/images/client_logos/4626/04147df9-7083-4e91-8b0e-6e0a8398cc96.jpg
El Akadeen Group,https://static.shared.propertyfinder.eg/media/images/client_logos/2957/9b254c5e-733b-43b6-9ac5-f3e7b96bc179.jpg
Dream homes,https://static.shared.propertyfinder.eg/media/images/client_logos/1505/c584424e-c4dc-4b69-b8fe-05036f4fe385.jpg
Homes Real Estate & Commercial,https://static.shared.propertyfinder.eg/media/images/client_logos/1231/d85cfa46-fa20-4ad1-af9e-5d457fdf6c73.jpg
Elnada,https://static.shared.propertyfinder.eg/media/images/client_logos/2791/3595acf2-bb63-4eb7-9566-cefdd69b9a6e.jpg
Stella Di Marie,https://static.shared.propertyfinder.eg/media/images/client_logos/2161/1c8efeec-b063-499b-a257-3565151cc72b.jpg
مجدي سليم للتطوير العقاري,https://static.shared.propertyfinder.eg/media/images/client_logos/6399/fcaf7562-ab03-40b6-897a-7f7f94100ddd.jpg
Remax Station,https://static.shared.propertyfinder.eg/media/images/client_logos/4391/20dd25b3-187b-4278-b8bb-238ab2ad431f.jpg
white property,https://static.shared.propertyfinder.eg/media/images/client_logos/6441/dec67c9a-6f3d-49dc-9270-00f48bce699f.jpg
Home Vacation,https://static.shared.propertyfinder.eg/media/images/client_logos/1014/a6656806-25d6-43d0-ad0b-0c45b13d7732.jpg
ريماكس هوم ماسترز,https://static.shared.propertyfinder.eg/media/images/client_logos/796/a971fe72-c661-4278-a3e0-4765bdeb1885.jpg
Remax Style,https://static.shared.propertyfinder.eg/media/images/client_logos/3046/608da424-91c5-4e64-8561-9e12090508e2/260x200.jpg?v=86122de5caa58bcb35cff5d3178a1555
Afnan developments,https://static.shared.propertyfinder.eg/media/images/client_logos/180701/e4511a7d-b658-42ca-8895-bb161b7b0c28.jpg
Be Egypt,https://static.shared.propertyfinder.eg/media/images/client_logos/4662/bbd6de24-eb2a-4e6f-a3be-d366d2737a7d.jpg
PALMYRA,https://static.shared.propertyfinder.eg/media/images/client_logos/2359/9ad272e6-bb8d-4043-a6ea-bebefaee6051.jpg
تنميه لاداره المشروعات العقاريه,https://static.shared.propertyfinder.eg/media/images/client_logos/1362/6b636963-92ab-4cb0-8548-82243e5ae25b.jpg
Miami Life Real Estate,https://static.shared.propertyfinder.eg/media/images/client_logos/1479/b557c8f8-2962-41a4-aa4a-2724fb92c553.jpg
Platinum Homes for Real Estate,https://static.shared.propertyfinder.eg/media/images/client_logos/5102/c43a201d-2379-4a76-8568-91566f478e5b.jpg
الطيار العقارية,https://static.shared.propertyfinder.eg/media/images/client_logos/2232/4366e3c3-6d36-478d-9158-b8d3b8537dde.jpg
Mini Home.,https://static.shared.propertyfinder.eg/media/images/client_logos/6348/141ce589-c33c-43d7-8d91-8118ddf16342.jpg
sherwoods property,https://static.shared.propertyfinder.eg/media/images/client_logos/4351/27c815d9-ed4f-442f-bd2b-9c655c0449b5.jpg
Bonat Al - Ahram,https://static.shared.propertyfinder.eg/media/images/client_logos/6273/e5ccd1b0-a6a6-4c03-84fb-598d8045d79e.jpg
Ägypten Immobilien,https://static.shared.propertyfinder.eg/media/images/client_logos/6152/476a09d5-144d-4593-8143-39034182607a.jpg
الهبه للتسويق العقاري,https://static.shared.propertyfinder.eg/media/images/client_logos/5964/523ce300-cb6e-4618-9477-ad42ee683956.jpg
Etmalek for integrated real estate services,https://static.shared.propertyfinder.eg/media/images/client_logos/645/cdd3ab43-035d-4845-8b3a-355295456667.jpg
شركه سكاي مدينتي,https://static.shared.propertyfinder.eg/media/images/client_logos/2847/29b6ccae-627e-4771-84e2-d96dac725a2a.jpg
شامبليون,https://static.shared.propertyfinder.eg/media/images/client_logos/3217/8b2e32fd-bb2c-4b91-a6a0-ffd0a3bb88f8.jpg
أميرة الشروق,https://static.shared.propertyfinder.eg/media/images/client_logos/2152/771ca59b-3d70-42e5-8a13-403d5c59fe21.jpg
X Space Real Estate,https://static.shared.propertyfinder.eg/media/images/client_logos/3234/34a004fc-b2ed-4ccc-87db-cc20b8ef8cea.jpg
The Key Real Estate,https://static.shared.propertyfinder.eg/media/images/client_logos/6434/ec930942-7274-4408-ba74-4500fb11acb3.jpg
القاهرة للمراكز التجاريه والأستثمار العقارى,https://static.shared.propertyfinder.eg/media/images/client_logos/5454/4a45f1b7-22dd-4970-88fe-845887f8741c.jpg
New Housing Egypt,https://static.shared.propertyfinder.eg/media/images/client_logos/422/31996685-3cf8-4d31-8e66-59972ccab0e1.jpg
شركة عقارات مصر,https://static.shared.propertyfinder.eg/media/images/client_logos/2722/26410a3f-f8a8-413b-8ed8-51b76f40862e.jpg
Oscar,https://static.shared.propertyfinder.eg/media/images/client_logos/2638/fd9a6a68-6933-476d-935e-8c445198ae6c.jpg
Dark Real estate,https://static.shared.propertyfinder.eg/media/images/client_logos/6267/fa5ba78b-a632-4a5a-ad4a-f55a76f8be93.jpg
3H للتسويق العقاري,https://static.shared.propertyfinder.eg/media/images/client_logos/3079/901cff3e-3e4c-4faa-a265-601febb241d7.jpg
Isis,https://static.shared.propertyfinder.eg/media/images/client_logos/5684/c941fcc1-738d-4ffa-90a6-42800e8f7aba.jpg
Etqan real estate,https://static.shared.propertyfinder.eg/media/images/client_logos/5777/211b5b60-a80e-435c-ba66-4ad0fed89d80.jpg
Mostafa Dardeery,https://static.shared.propertyfinder.eg/media/images/client_logos/5031/a602c998-1f64-4ae6-93ee-c24aa1af850a.jpg
The Icon Real Estate,https://static.shared.propertyfinder.eg/media/images/client_logos/6049/3ccd9ebf-876f-4a99-b6ef-471768f2204b.jpg
شالية للايجار في بورتو مطروح,https://static.shared.propertyfinder.eg/media/images/client_logos/5636/53f48b48-00ec-40a1-8aaa-142726a8dc82.jpg
Bero Real Estate,https://static.shared.propertyfinder.eg/media/images/client_logos/2283/3df73bc2-8273-4583-bada-05472a3ccfdc.jpg
i-design,https://static.shared.propertyfinder.eg/media/images/client_logos/3937/12a991bc-00de-4d58-9a4c-57a474c6f328.jpg
Al-Bahrawy Developments,https://static.shared.propertyfinder.eg/media/images/client_logos/2832/cf27b8bb-cd25-4fd2-b767-196ce166cc90.jpg
ستار هاوس للتسويق و المقاولات,https://static.shared.propertyfinder.eg/media/images/client_logos/5640/68f25898-9294-4a1a-9269-0ebeef88da90.jpg
Royal San Stefano.,https://static.shared.propertyfinder.eg/media/images/client_logos/2391/543d12f6-3c59-426c-aaaa-5a98713a9aca.jpg
Shield - DR3,https://static.shared.propertyfinder.eg/media/images/client_logos/3666/39770e73-f6f1-482e-ac07-9cc2e61e226b.jpg
Home In Realestate,https://static.shared.propertyfinder.eg/media/images/client_logos/5225/ac718f7a-ee48-4052-804f-0a68fd7ad2da.jpg
Ma Ville Real Estate,https://static.shared.propertyfinder.eg/media/images/client_logos/2082/8ae765b8-b161-48a2-baf8-c590e96140a3.jpg
Golden House For Realestate,https://static.shared.propertyfinder.eg/media/images/client_logos/2968/11605026-104a-4068-82bf-63e70ef12adb.jpg
فيوتشر العقاري,https://static.shared.propertyfinder.eg/media/images/client_logos/3617/a033cee6-15c8-498f-8bb2-47e634550ce1.jpg
Integrated Realtors Group for Real Estate,https://static.shared.propertyfinder.eg/media/images/client_logos/1718/6e79912b-c62b-4efe-825c-ad29b2b4549c.jpg
El Safwaa for Real Estate,https://static.shared.propertyfinder.eg/media/images/client_logos/2826/e9d1ad7a-964f-410e-b6a7-0150703f3473.jpg
Dream Real Estate .,https://static.shared.propertyfinder.eg/media/images/client_logos/2085/58896e46-5fcd-4967-98b3-e1ab111c5e3e.jpg
ابراج العقارية,https://static.shared.propertyfinder.eg/media/images/client_logos/5212/6d2e2a63-a2e8-4dd0-a87b-05e2eb15027d.jpg
El Sherif,https://static.shared.propertyfinder.eg/media/images/client_logos/2590/63e1a68e-c8fe-4f9f-9a07-388f906fb958.jpg
Racan Real Estate,https://static.shared.propertyfinder.eg/media/images/client_logos/2143/7206349f-43bc-4a99-aeb2-1e1e2127d464.jpg
Next Home For Realestate,https://static.shared.propertyfinder.eg/media/images/client_logos/4165/f65900f6-68f7-4e31-bccd-4cf321cfea72.jpg
Red Line,https://static.shared.propertyfinder.eg/media/images/client_logos/4954/9310ae29-21d5-44e6-a9ea-027a8567ae5b.jpg
EMC Real Estate,https://static.shared.propertyfinder.eg/media/images/client_logos/5091/4c9ba6de-152f-4821-9ac3-83fc0d74fa74.jpg
corniche el maadi,https://static.shared.propertyfinder.eg/media/images/client_logos/4753/d9813463-10e6-4369-8896-bc7e64f9f339.jpg
Malaz RealEstate,https://static.shared.propertyfinder.eg/media/images/client_logos/4932/10659849-ec46-4817-86c5-7e8377684f5f.jpg
Next Level Properties,https://static.shared.propertyfinder.eg/media/images/client_logos/5555/ce5bda86-9168-4802-a7a5-bad3f520c0ee.jpg
BENAA REAL ESTATE COMPANY,https://static.shared.propertyfinder.eg/media/images/client_logos/2790/5756b23b-7109-499f-875a-3fef823938dc.jpg
مجموعة نبيلة للتسويق والاستشارات العقارية,https://static.shared.propertyfinder.eg/media/images/client_logos/4767/7709eae3-6be8-40e2-9aed-b3aee3c1d8f1.jpg
Hope Real Estate,https://static.shared.propertyfinder.eg/media/images/client_logos/5988/2ea95fbf-0c68-469f-91e5-5bd65549a056.jpg
Golden Future International,https://static.shared.propertyfinder.eg/media/images/client_logos/4523/6c226cb4-cab1-45b1-b2c6-be64afa1f04c.jpg
إبداع,https://static.shared.propertyfinder.eg/media/images/client_logos/3247/e828920b-01d9-4dc7-bd58-ab7e2e6b64ef.jpg
شركة نجم ايجيبت للتسويق العقارى,https://static.shared.propertyfinder.eg/media/images/client_logos/2974/b0c8b51c-6d8f-46cf-b848-aa89624d0606.jpg
La Marina,https://static.shared.propertyfinder.eg/media/images/client_logos/5843/907cbc77-02c7-43b3-85c9-eb958272a408.jpg
Sheema Real Estate,https://static.shared.propertyfinder.eg/media/images/client_logos/4151/8a4a9a57-0f2c-4423-8f12-6d8843d282cf.jpg
The Golf Zone,https://static.shared.propertyfinder.eg/media/images/client_logos/5250/24354178-3b13-4d0d-a989-099d82c618ba.jpg
Prospero Properties,https://static.shared.propertyfinder.eg/media/images/client_logos/5338/72ca2c97-f6c0-42db-82f9-c11311c0e09e.jpg
ST.John Real Estate,https://static.shared.propertyfinder.eg/media/images/client_logos/1579/cc9a405e-662c-4574-9d3d-4490d549dc09.jpg
المجد للتسويق العقاري,https://static.shared.propertyfinder.eg/media/images/client_logos/508/f97b47af-c198-46ad-88b9-5d860f7ae03e.jpg
Smart Medium,https://static.shared.propertyfinder.eg/media/images/client_logos/3317/48cdd27d-5a64-436b-b321-b38e4deb29ae.jpg
Grand House,https://static.shared.propertyfinder.eg/media/images/client_logos/1351/9f843012-98f4-4aaa-805c-935a1f391324.jpg
PropLife,https://static.shared.propertyfinder.eg/media/images/client_logos/2732/974f1500-6158-442f-9bab-8ed1703c2679.jpg
Broker Edge,https://static.shared.propertyfinder.eg/media/images/client_logos/895/ccb3b0f0-395b-405e-afc9-4aba5278a816.jpg
Go Homes,https://static.shared.propertyfinder.eg/media/images/client_logos/2462/4ef5a954-e8fa-4c30-a9f0-b9a6c86420e6.jpg
Home city real estate,https://static.shared.propertyfinder.eg/media/images/client_logos/180497/a28e09d8-1bee-4830-94cf-374a5f065c47.jpg
Ahmed Yasser Group,https://static.shared.propertyfinder.eg/media/images/client_logos/180634/7074463b-5b61-43ef-8a77-c2a8d3ff690e.jpg
Elmemary Engineering Consultancy,https://static.shared.propertyfinder.eg/media/images/client_logos/3178/df2c4b0b-1b2b-4053-ac24-eee90ff24f2a.jpg
Al Ahram Al Aqaria Real Estate,https://static.shared.propertyfinder.eg/media/images/client_logos/2554/cfef33db-5f0e-4fca-a77f-3342321caccb.jpg
عقارية للتنمية العمرانية,https://static.shared.propertyfinder.eg/media/images/client_logos/5602/72a352b1-b623-401e-ab1a-5a676eef9a30.jpg
براديس للعقارات,https://static.shared.propertyfinder.eg/media/images/client_logos/3154/08fe1c0a-9bdc-43a3-b08b-bd478b1fc6ba.jpg
N.ew House Marketing,https://static.shared.propertyfinder.eg/media/images/client_logos/4337/e44c30cd-cf52-4a1d-9e57-33d77d0d5db7.jpg
Maram El shazly,https://static.shared.propertyfinder.eg/media/images/client_logos/4996/fd260a01-7fbf-4117-85bc-e71285b7a4f6.jpg
One Way,https://static.shared.propertyfinder.eg/media/images/client_logos/616/980507e2-e4aa-439c-b72f-a5fb32dcdc89.jpg
تمام العقارية,https://static.shared.propertyfinder.eg/media/images/client_logos/5848/c43719bb-c887-48ae-8d59-356750744522.jpg
Aly Hamza Real Estate,https://static.shared.propertyfinder.eg/media/images/client_logos/2665/620ca25a-c346-4eca-be0d-848cd0036292.jpg
التوحيد للاستثمار العقاري,https://static.shared.propertyfinder.eg/media/images/client_logos/1338/1f83f6f3-fd64-41bc-8899-037698e0dee4.jpg
Gardenia Investment,https://static.shared.propertyfinder.eg/media/images/client_logos/180792/acb22e4e-8d3c-415a-bcf7-6f6814bf6c54/260x200.jpg?v=5384c60d2416332a94127aa7118f1c6a
Close Well Real Estate,https://static.shared.propertyfinder.eg/media/images/client_logos/1491/e93d251b-9979-4978-9032-44c16fefb0f4.jpg
AMAN For Real Estate,https://static.shared.propertyfinder.eg/media/images/client_logos/1149/ceb8f0bf-b819-40f3-8964-063acf351e76.jpg
Happy House Real Estate,https://static.shared.propertyfinder.eg/media/images/client_logos/2105/7592a33d-5a5b-4493-91e2-0b883434ab52.jpg
Location Real estate',https://static.shared.propertyfinder.eg/media/images/client_logos/5984/03c65f53-4ea6-4b84-ba31-d27df33c39f9.jpg
Panorama View,https://static.shared.propertyfinder.eg/media/images/client_logos/4163/a24668f1-d567-42f5-ad8c-a92cc84bb779.jpg
Sun Gate Real Estate,https://static.shared.propertyfinder.eg/media/images/client_logos/3251/a887f1eb-9fd9-45ba-8b82-0858beb7eafe.jpg
El Nasr for Real Estate,https://static.shared.propertyfinder.eg/media/images/client_logos/2916/6a3fd198-0c16-4329-9c6c-6ea73eb10fc2.jpg
Pinnacle Realty,https://static.shared.propertyfinder.eg/media/images/client_logos/5036/2e9115cf-8e14-4cbb-b067-fdec3d15a762.jpg
Smart Move For Real Estate,https://static.shared.propertyfinder.eg/media/images/client_logos/1576/5ae758b2-8a44-4709-a7ea-6aa445090f15.jpg
احمد الخليج للتسويق العقاري,https://static.shared.propertyfinder.eg/media/images/client_logos/3624/6a2e919c-3b8d-4eb3-85dc-1775d218b4d3.jpg
HNA Real Estate,https://static.shared.propertyfinder.eg/media/images/client_logos/180007/473d2ad6-3e01-4e4b-9986-ed17e40d7214.jpg
Elite Groupe,https://static.shared.propertyfinder.eg/media/images/client_logos/5263/49d96ce4-8021-4a6c-a89b-31a2e3fa76db.jpg
El Ashkar Real Estate,https://static.shared.propertyfinder.eg/media/images/client_logos/4094/1be5350b-dffe-489f-9f32-f2cf37efddab.jpg
Just 4U,https://static.shared.propertyfinder.eg/media/images/client_logos/3249/222951d0-d014-43c8-b7b6-c1fa5fa6c7ec.jpg
عقارات الاحمد,https://static.shared.propertyfinder.eg/media/images/client_logos/3346/92481e72-08a5-4f6e-8926-bd76f3f1ace6.jpg
Eliwa Group,https://static.shared.propertyfinder.eg/media/images/client_logos/2278/4be1bd29-65b3-4d38-ab73-a6cba71e6b8b.jpg
آل عتيبي للمقاولات العامة,https://static.shared.propertyfinder.eg/media/images/client_logos/6021/879aa275-f5ff-4bb9-8f1d-b2edda8d25fd.jpg
كيان للتسويق العقاري,https://static.shared.propertyfinder.eg/media/images/client_logos/2045/3534b365-e224-411c-af39-f6aa6be89f79.jpg
AL Jasmine,https://static.shared.propertyfinder.eg/media/images/client_logos/5121/ce793098-0785-4c5c-9e10-73e852baf909.jpg
ياسر هلال,https://static.shared.propertyfinder.eg/media/images/client_logos/2380/3d3ccb9a-c1a6-4404-aaf4-799e6a11bf1f.jpg
digital vision,https://static.shared.propertyfinder.eg/media/images/client_logos/3055/87106412-8248-4bb7-8876-16c034c901ed.jpg
شركه مسك,https://static.shared.propertyfinder.eg/media/images/client_logos/2752/db9b9459-6a07-4103-96d1-e309c639ed26.jpg
Miami for Real Estate,https://static.shared.propertyfinder.eg/media/images/client_logos/2541/3d9f8c8e-7b8d-4d2e-95ec-e6f83c2ff1f1.jpg
Ayman,https://static.shared.propertyfinder.eg/media/images/client_logos/5504/7be5edf5-b5be-44ce-830e-b8a8c6c2e6fa.jpg
Madinaty El Gamila,https://static.shared.propertyfinder.eg/media/images/client_logos/183/b011876c-c6c4-4100-a003-4c9ab2282880.jpg
الياسين العقارية,https://static.shared.propertyfinder.eg/media/images/client_logos/2191/ce74a819-b3d2-415c-8cba-908c93896c29.jpg
Luminera Real Estate,https://static.shared.propertyfinder.eg/media/images/client_logos/180545/43181af0-fb7a-4abd-8767-c8e514483d50.jpg
الاتقان الذهبي للتسويق العقاري,https://static.shared.propertyfinder.eg/media/images/client_logos/4256/fc10947f-510b-477e-bcc0-970a28345b6b.jpg
Sea Station,https://static.shared.propertyfinder.eg/media/images/client_logos/180538/21b6fb4a-ff59-4e2a-965e-21e9aa5a653e.jpg
القصر للخدمات العقاريه,https://static.shared.propertyfinder.eg/media/images/client_logos/2771/e813d231-bc3f-4541-b973-55c4d8236f65.jpg
Plan 1,https://static.shared.propertyfinder.eg/media/images/client_logos/4598/b7af3d85-e465-4844-ac9f-a64be7ea374e.jpg
جراند هاوس,https://static.shared.propertyfinder.eg/media/images/client_logos/4079/7ee1b700-6319-4682-ae90-1677439da158.jpg
Fixed Assets,https://static.shared.propertyfinder.eg/media/images/client_logos/2413/0ffec35e-ed63-4254-8833-42ac10922571.jpg
Teba El-Agaty Group,https://static.shared.propertyfinder.eg/media/images/client_logos/4418/4555f23d-aeb2-4a53-98f8-7f639853a787.jpg
Phyrvexal,https://static.shared.propertyfinder.eg/media/images/client_logos/4411/75149173-d6a2-4a54-bee2-5020b8c8d637.jpg
we house real estate,https://static.shared.propertyfinder.eg/media/images/client_logos/3923/669a7d90-e4ec-41c0-90d4-8c909a048135.jpg
نور الهدى للتسويق العقاري,https://static.shared.propertyfinder.eg/media/images/client_logos/2887/3a9b4d21-14ee-4be6-944f-95880c7af989.jpg
النور جروب للتسويق العقاري,https://static.shared.propertyfinder.eg/media/images/client_logos/3239/f2612dc0-49af-42d8-b19d-f7c77da90983.jpg
Mostafa,https://static.shared.propertyfinder.eg/media/images/client_logos/5650/b61393fc-c0c6-406b-a5fe-dcf980573603.jpg
شركة الوسام للتسويق العقاري,https://static.shared.propertyfinder.eg/media/images/client_logos/2938/8c6d0a83-0cf6-443e-bd74-5938d6f27d40.jpg
الاصالة للتسويق العقاري,https://static.shared.propertyfinder.eg/media/images/client_logos/4604/259b1107-28db-4a2b-b973-082f30e5e2af.jpg
Location Real,https://static.shared.propertyfinder.eg/media/images/client_logos/3060/e619f2ac-01e7-4878-8eb3-10db8e874b69.jpg
الصفوة للتسويق العقاري,https://static.shared.propertyfinder.eg/media/images/client_logos/4403/dd75ede0-0ca4-4f0c-a18b-6fc5b082a39a.jpg
عقارات المنيا,https://static.shared.propertyfinder.eg/media/images/client_logos/2801/cafd8562-583a-43c6-8e0f-d6f027b52fc4.jpg
Smart Properties For Sale and Rent,https://static.shared.propertyfinder.eg/media/images/client_logos/2239/ef92f9b3-e2e5-4cab-b8ee-a7874f9f7cd1.jpg
رؤية للاستثمار العقاري,https://static.shared.propertyfinder.eg/media/images/client_logos/3392/4c247957-7c0b-455d-bd1f-8a362304a82e.jpg
البنا للعقارات,https://static.shared.propertyfinder.eg/media/images/client_logos/4047/3d1ace1e-40f1-43b0-abf5-4a9155f97baf.jpg
El Assy Real Estate,https://static.shared.propertyfinder.eg/media/images/client_logos/4740/3df6fc11-6af0-4362-afe7-80b26bbcbfa1.jpg
شركة ديار للتسويق العقاري,https://static.shared.propertyfinder.eg/media/images/client_logos/2741/6f00ae55-2e6b-44de-9774-b9549a2bd3f4.jpg
شركة الخير للتجارة و التنمية العمرانية,https://static.shared.propertyfinder.eg/media/images/client_logos/2784/317d45d8-b878-4ff9-9298-5a5fb504fba9.jpg
Empire Real Estate Agency,https://static.shared.propertyfinder.eg/media/images/client_logos/2788/61fbac3d-cbbc-4166-bebf-c4157a0ab328.jpg
الروضة,https://static.shared.propertyfinder.eg/media/images/client_logos/3058/d7f3917b-5c11-4e53-8575-a8af9f176202.jpg
الحسين للاستثمار العقاري,https://static.shared.propertyfinder.eg/media/images/client_logos/2700/50b07f85-97b9-417f-926f-0b6c955473a2.jpg
One Way For Real Estate,https://static.shared.propertyfinder.eg/media/images/client_logos/2097/0da66608-4808-4634-a8a6-a02f48d573e4.jpg
البوابة المصرية الأولى,https://static.shared.propertyfinder.eg/media/images/client_logos/2817/16f8da6b-ec4c-4100-8021-f8f46bb74987.jpg
INVESTORIA,https://static.shared.propertyfinder.eg/media/images/client_logos/2949/89920168-a6c1-406a-9bcf-2968ff5004a8.jpg
Real Solutions,https://static.shared.propertyfinder.eg/media/images/client_logos/2873/2412f7dc-418d-43dd-8548-ccbe6aff2403.jpg
المدينة المنورة للتسويق العقاري,https://static.shared.propertyfinder.eg/media/images/client_logos/3477/9b26975c-30b7-46ac-9c0b-db610b426659.jpg
الصفا والمروة للتسويق العقاري,https://static.shared.propertyfinder.eg/media/images/client_logos/3948/b5b6e67f-3313-42e3-b084-1bd783a78643.jpg
White House,https://static.shared.propertyfinder.eg/media/images/client_logos/4371/bab9cc66-8fee-4be5-8bfd-36f1b47a95d6.jpg
El Swisy Real Estate,https://static.shared.propertyfinder.eg/media/images/client_logos/5391/692b7a7a-741f-4c29-86ae-5800deec2e3d.jpg
M W Real Estate,https://static.shared.propertyfinder.eg/media/images/client_logos/2775/28a0cee8-1797-4ebb-a947-2ced85a703b7.jpg
